transaction_id,venue_id,local_timestamp,amount_eur,payment_method
T000416,v_sto,2026-04-07 22:37:33,43.92,card
T001263,v_ber,2026-04-07 19:29:36,33.84,cash
T000881,v_lon,2026-04-11 19:26:11,26.38,card
T001280,v_ber,2026-04-12 20:45:29,102.16,card
T000118,v_sto,2026-04-17 02:43:58,21.56,card
T001148,v_ber,2026-04-07 03:32:00,45.68,cash
T001660,v_mad,2026-04-16 20:13:56,253.60,card
T000719,v_lon,2026-04-17 01:05:08,31.39,card
T000783,v_lon,2026-04-08 03:07:44,18.24,card
T000276,v_sto,2026-04-14 07:19:58,13.73,card
T001854,v_hel,2026-04-12 00:12:26,34.61,apple_pay
T001759,v_mad,2026-04-08 13:29:59,18.69,apple_pay
T002182,v_hel,2026-04-10 22:48:49,33.48,card
T002000,v_hel,2026-04-08 18:24:09,38.12,swish
T001709,v_mad,2026-04-07 17:00:05,18.47,card
T000888,v_lon,2026-04-09 20:47:23,61.25,klarna
T001155,v_ber,2026-04-15 01:41:03,21.75,card
T001462,v_mad,2026-04-10 07:16:44,27.70,card
T002096,v_hel,2026-04-17 01:15:35,32.49,card
T000100,v_sto,2026-04-16 18:48:43,74.59,apple_pay
T000326,v_sto,2026-04-16 15:31:40,52.27,swish
T002062,v_hel,2026-04-15 23:21:25,41.42,cash
T001124,v_ber,2026-04-15 21:52:09,10.61,card
T001072,v_ber,2026-04-09 10:00:07,74.91,swish
T000222,v_sto,2026-04-15 20:15:29,13.17,card
T000706,v_lon,2026-04-12 18:00:45,15.61,card
T000682,v_lon,2026-04-10 19:07:23,139.92,swish
T000320,v_sto,2026-04-14 11:40:11,10.00,card
T000479,v_lon,2026-04-15 19:13:39,68.22,swish
T001562,v_mad,2026-04-08 21:25:51,29.49,cash
T001336,v_ber,2026-04-12 14:54:08,57.21,cash
T002121,v_hel,2026-04-16 18:49:06,16.53,card
T000020,v_sto,2026-04-14 22:49:08,12.82,cash
T002170,v_hel,2026-04-15 17:04:27,12.29,swish
T001186,v_ber,2026-04-16 08:09:57,40.00,apple_pay
T001718,v_mad,2026-04-13 21:28:09,27.17,card
T000786,v_lon,2026-04-12 22:53:35,27.30,card
T001038,v_ber,2026-04-13 18:15:56,55.36,cash
T001677,v_mad,2026-04-10 01:45:56,32.00,card
T001776,v_mad,2026-04-11 00:18:07,37.85,card
T000169,v_sto,2026-04-12 20:29:28,12.45,card
T000899,v_lon,2026-04-15 23:05:25,20.37,apple_pay
T000467,v_lon,2026-04-14 21:05:54,29.92,swish
T001636,v_mad,2026-04-08 18:39:04,34.25,apple_pay
T001426,v_mad,2026-04-13 20:44:13,133.35,cash
T000170,v_sto,2026-04-08 22:24:29,246.87,apple_pay
T000887,v_lon,2026-04-14 04:45:33,26.90,card
T001629,v_mad,2026-04-15 22:20:06,76.18,apple_pay
T000181,v_sto,2026-04-15 01:43:46,17.02,card
T001952,v_hel,2026-04-13 14:29:59,9.28,apple_pay
T000691,v_lon,2026-04-07 03:11:45,39.83,apple_pay
T000524,v_lon,2026-04-08 21:58:14,30.93,klarna
T001427,v_mad,2026-04-12 23:20:29,50.29,klarna
T000639,v_lon,2026-04-10 17:09:27,19.17,card
T000109,v_sto,2026-04-10 19:24:12,84.05,klarna
T002044,v_hel,2026-04-08 18:25:55,59.73,card
T000502,v_lon,2026-04-16 02:39:04,62.99,apple_pay
T002054,v_hel,2026-04-09 22:58:27,30.75,card
T000576,v_lon,2026-04-13 12:47:18,27.75,cash
T000481,v_lon,2026-04-12 22:36:42,65.09,klarna
T000778,v_lon,2026-04-10 07:15:34,12.32,swish
T000207,v_sto,2026-04-09 00:31:33,22.01,card
T001716,v_mad,2026-04-12 21:23:31,18.76,cash
T001122,v_ber,2026-04-15 11:41:57,14.27,swish
T001328,v_ber,2026-04-13 23:36:45,31.07,card
T000160,v_sto,2026-04-09 02:27:11,11.57,card
T001838,v_hel,2026-04-09 18:04:24,16.25,cash
T001199,v_ber,2026-04-07 12:03:56,46.22,card
T001858,v_hel,2026-04-12 22:33:43,15.61,klarna
T000572,v_lon,2026-04-09 01:14:20,22.00,card
T000059,v_sto,2026-04-08 19:11:51,93.89,card
T000567,v_lon,2026-04-14 14:54:36,17.92,card
T000861,v_lon,2026-04-16 03:21:53,35.42,apple_pay
T000981,v_ber,2026-04-10 20:12:54,49.27,card
T001898,v_hel,2026-04-13 01:50:48,19.69,apple_pay
T001017,v_ber,2026-04-14 13:01:11,27.27,card
T000963,v_ber,2026-04-08 13:57:20,13.81,card
T002152,v_hel,2026-04-07 20:06:54,10.96,apple_pay
T000235,v_sto,2026-04-13 06:02:36,12.93,card
T002189,v_hel,2026-04-10 20:16:51,24.92,card
T001545,v_mad,2026-04-13 18:59:55,24.85,cash
T001906,v_hel,2026-04-14 01:20:11,210.67,swish
T001279,v_ber,2026-04-13 05:21:13,145.89,cash
T000001,v_sto,2026-04-07 19:14:08,72.21,klarna
T001941,v_hel,2026-04-11 02:17:34,5.77,apple_pay
T002285,v_hel,2026-04-13 00:40:22,17.20,card
T000414,v_sto,2026-04-09 23:08:02,75.35,card
T001298,v_ber,2026-04-08 23:56:33,22.87,cash
T002104,v_hel,2026-04-08 04:25:46,32.17,klarna
T000838,v_lon,2026-04-13 18:36:43,29.25,cash
T001089,v_ber,2026-04-16 06:55:33,29.92,apple_pay
T001894,v_hel,2026-04-09 03:21:07,30.10,cash
T001331,v_ber,2026-04-10 03:46:57,51.35,card
T002090,v_hel,2026-04-12 20:30:08,10.40,swish
T002258,v_hel,2026-04-14 07:51:34,40.14,card
T002012,v_hel,2026-04-16 19:11:56,19.01,apple_pay
T000348,v_sto,2026-04-09 17:13:40,38.52,card
T002161,v_hel,2026-04-13 21:42:40,16.32,card
T000133,v_sto,2026-04-14 20:41:26,16.42,cash
T002364,v_ams,2026-04-09 18:23:05,22.03,card
T001313,v_ber,2026-04-15 18:05:03,9.37,apple_pay
T001861,v_hel,2026-04-10 19:59:06,48.47,card
T000068,v_sto,2026-04-15 01:42:43,109.87,apple_pay
T001542,v_mad,2026-04-13 21:40:11,20.14,card
T000845,v_lon,2026-04-12 21:06:44,41.18,cash
T000718,v_lon,2026-04-12 01:37:10,38.70,card
T000426,v_sto,2026-04-12 21:11:55,28.03,card
T000933,v_ber,2026-04-15 15:08:51,10.58,klarna
T001244,v_ber,2026-04-15 07:13:05,12.59,cash
T002341,v_hel,2026-04-15 01:12:41,44.33,card
T001024,v_ber,2026-04-14 12:20:54,5.87,apple_pay
T000288,v_sto,2026-04-10 12:41:54,36.13,card
T001503,v_mad,2026-04-14 08:13:34,62.01,card
T000402,v_sto,2026-04-07 13:16:06,17.17,cash
T002294,v_hel,2026-04-09 19:29:23,24.17,card
T001091,v_ber,2026-04-10 10:48:42,39.23,swish
T000863,v_lon,2026-04-14 18:20:34,22.48,swish
T002162,v_hel,2026-04-08 21:07:22,25.23,cash
T000909,v_ber,2026-04-11 14:29:48,51.66,card
T000339,v_sto,2026-04-12 18:46:29,51.22,klarna
T000489,v_lon,2026-04-08 06:47:32,20.92,card
T000954,v_ber,2026-04-16 04:32:40,27.55,card
T000969,v_ber,2026-04-13 23:37:53,30.39,apple_pay
T002315,v_hel,2026-04-09 19:07:26,29.07,card
T000124,v_sto,2026-04-10 16:36:18,16.08,apple_pay
T001128,v_ber,2026-04-16 21:06:33,19.63,card
T001032,v_ber,2026-04-13 23:08:55,16.10,apple_pay
T001651,v_mad,2026-04-15 22:33:25,71.23,card
T002262,v_hel,2026-04-13 17:35:14,30.27,swish
T001686,v_mad,2026-04-15 18:43:06,43.73,card
T001650,v_mad,2026-04-14 22:06:54,32.20,card
T001076,v_ber,2026-04-12 00:52:31,49.28,cash
T000112,v_sto,2026-04-12 22:24:29,11.30,card
T000249,v_sto,2026-04-08 14:29:41,20.97,apple_pay
T000953,v_ber,2026-04-07 17:19:36,27.52,card
T000257,v_sto,2026-04-08 18:03:53,33.68,cash
T001454,v_mad,2026-04-12 19:57:37,45.70,card
T001306,v_ber,2026-04-13 15:57:16,104.94,card
T001409,v_mad,2026-04-13 12:17:31,45.44,apple_pay
T000540,v_lon,2026-04-13 21:35:50,32.63,cash
T001037,v_ber,2026-04-13 11:29:24,54.89,cash
T001980,v_hel,2026-04-11 22:36:52,46.37,card
T001967,v_hel,2026-04-13 07:32:14,76.39,card
T000779,v_lon,2026-04-16 19:48:47,47.57,klarna
T001435,v_mad,2026-04-16 19:04:22,122.09,card
T002060,v_hel,2026-04-12 22:18:11,47.22,card
T001125,v_ber,2026-04-16 11:07:34,10.64,card
T000539,v_lon,2026-04-12 03:41:37,25.96,card
T000435,v_sto,2026-04-14 23:58:26,19.41,cash
T000461,v_lon,2026-04-14 08:49:22,79.38,klarna
T000003,v_sto,2026-04-10 22:26:14,120.00,klarna
T001983,v_hel,2026-04-07 23:15:13,56.45,apple_pay
T000708,v_lon,2026-04-10 21:08:12,45.88,card
T000850,v_lon,2026-04-15 21:42:34,20.46,card
T001786,v_mad,2026-04-08 18:12:30,29.51,apple_pay
T002185,v_hel,2026-04-16 10:18:58,23.65,klarna
T000317,v_sto,2026-04-10 20:30:06,23.48,card
T000584,v_lon,2026-04-12 02:15:33,96.78,card
T000359,v_sto,2026-04-07 18:10:31,93.85,apple_pay
T001543,v_mad,2026-04-11 14:15:21,16.22,card
T000758,v_lon,2026-04-10 12:07:50,"80,21",card
T000443,v_sto,2026-04-10 19:36:48,44.13,card
T000723,v_lon,2026-04-10 19:13:36,46.11,cash
T001780,v_mad,2026-04-08 17:39:56,29.64,card
T001641,v_mad,2026-04-15 10:35:03,38.24,card
T000368,v_sto,2026-04-16 11:37:31,55.53,apple_pay
T001810,v_mad,2026-04-15 19:51:29,33.78,apple_pay
T002046,v_hel,2026-04-09 03:43:55,26.23,card
T001219,v_ber,2026-04-08 12:36:25,51.84,klarna
T001392,v_mad,2026-04-10 16:36:56,34.99,card
T000724,v_lon,2026-04-09 01:25:30,11.72,apple_pay
T001548,v_mad,2026-04-10 19:54:10,35.10,swish
T000950,v_ber,2026-04-15 12:38:54,26.48,cash
T002020,v_hel,2026-04-13 14:04:59,28.89,cash
T001970,v_hel,2026-04-16 22:11:08,14.69,card
T001573,v_mad,2026-04-12 15:05:51,30.48,cash
T000148,v_sto,2026-04-13 15:20:27,22.18,swish
T001827,v_hel,2026-04-16 18:43:59,37.18,card
T000943,v_ber,2026-04-08 17:47:00,63.23,cash
T002068,v_hel,2026-04-15 18:59:53,12.25,card
T000964,v_ber,2026-04-15 21:07:17,11.19,card
T001065,v_ber,2026-04-13 21:01:48,11.31,apple_pay
T002208,v_hel,2026-04-13 19:20:46,41.30,card
T001461,v_mad,2026-04-11 06:36:20,16.02,card
T002107,v_hel,2026-04-07 18:12:01,20.48,swish
T000226,v_sto,2026-04-14 12:54:06,14.81,apple_pay
T001050,v_ber,2026-04-12 19:39:13,71.05,card
T000802,v_lon,2026-04-13 13:02:52,17.58,card
T001607,v_mad,2026-04-07 20:53:46,38.56,cash
T001583,v_mad,2026-04-15 17:51:40,57.22,card
T000715,v_lon,2026-04-08 22:51:37,23.65,card
T000312,v_sto,2026-04-15 18:06:49,12.18,card
T000902,v_ber,2026-04-12 21:28:56,24.97,cash
T000143,v_sto,2026-04-15 21:32:14,31.46,swish
T000746,v_lon,2026-04-13 03:43:55,50.87,cash
T000553,v_lon,2026-04-07 20:04:24,39.53,card
T001999,v_hel,2026-04-10 18:33:56,16.71,klarna
T000431,v_sto,2026-04-14 14:52:39,26.14,cash
T000911,v_ber,2026-04-08 00:00:10,42.43,card
T001797,v_mad,2026-04-09 22:09:55,54.61,swish
T000757,v_lon,2026-04-07 19:07:33,30.51,cash
T000121,v_sto,2026-04-16 08:40:16,25.93,klarna
T001772,v_mad,2026-04-12 20:35:59,20.77,card
T000344,v_sto,2026-04-13 19:27:41,20.66,cash
T002352,v_hel,2026-04-14 19:50:22,19.59,card
T001813,v_mad,2026-04-09 10:16:07,76.97,swish
T001645,v_mad,2026-04-15 08:01:39,9.06,swish
T001332,v_ber,2026-04-07 20:06:44,27.97,cash
T002241,v_hel,2026-04-08 03:17:05,41.30,swish
T001551,v_mad,2026-04-13 18:48:25,12.16,cash
T002021,v_hel,2026-04-09 22:20:36,52.19,card
T001735,v_mad,2026-04-13 15:19:16,18.11,card
T000869,v_lon,2026-04-13 20:55:05,28.28,apple_pay
T001193,v_ber,2026-04-10 19:23:00,21.91,card
T000158,v_sto,2026-04-11 10:22:27,7.02,cash
T001034,v_ber,2026-04-11 00:28:04,80.45,card
T000238,v_sto,2026-04-11 19:15:17,32.82,swish
T000926,v_ber,2026-04-16 00:21:27,16.47,cash
T000216,v_sto,2026-04-15 18:16:12,43.05,card
T000905,v_ber,2026-04-14 16:19:09,21.81,card
T001156,v_ber,2026-04-12 19:20:57,15.58,swish
T001005,v_ber,2026-04-11 20:54:35,20.53,card
T002327,v_hel,2026-04-07 14:17:23,19.63,cash
T002150,v_hel,2026-04-08 23:51:00,17.29,card
T001389,v_mad,2026-04-14 13:11:32,43.47,apple_pay
T000150,v_sto,2026-04-15 18:26:22,9.99,card
T001261,v_ber,2026-04-15 12:07:11,57.49,card
T000714,v_lon,2026-04-11 18:33:56,35.74,cash
T000917,v_ber,2026-04-08 21:26:54,29.63,apple_pay
T001069,v_ber,2026-04-13 23:24:31,111.33,card
T002087,v_hel,2026-04-07 22:05:03,15.63,card
T000510,v_lon,2026-04-08 09:31:21,17.80,card
T001291,v_ber,2026-04-14 15:11:16,52.11,apple_pay
T000410,v_sto,2026-04-07 05:05:42,19.93,swish
T000151,v_sto,2026-04-11 20:06:36,30.32,card
T000853,v_lon,2026-04-16 18:33:12,24.78,card
T000738,v_lon,2026-04-09 18:59:02,39.28,apple_pay
T001297,v_ber,2026-04-10 21:23:13,43.17,swish
T002065,v_hel,2026-04-12 03:35:45,24.42,swish
T001852,v_hel,2026-04-08 23:59:52,19.48,card
T001145,v_ber,2026-04-14 07:47:27,39.79,card
T001946,v_hel,2026-04-11 21:09:44,29.06,card
T000166,v_sto,2026-04-16 05:11:49,39.96,cash
T000731,v_lon,2026-04-08 18:05:54,36.70,apple_pay
T000037,v_sto,2026-04-15 13:56:04,61.78,card
T002053,v_hel,2026-04-16 21:49:04,29.61,card
T000381,v_sto,2026-04-08 20:58:52,10.76,apple_pay
T001682,v_mad,2026-04-15 20:57:53,26.29,card
T001802,v_mad,2026-04-17 00:35:05,90.25,apple_pay
T001609,v_mad,2026-04-10 20:06:49,64.47,cash
T000514,v_lon,2026-04-14 20:49:19,29.48,cash
T000564,v_lon,2026-04-09 22:43:14,115.89,apple_pay
T002136,v_hel,2026-04-13 06:01:01,33.01,cash
T002296,v_hel,2026-04-10 15:06:41,109.20,card
T002183,v_hel,2026-04-10 17:41:08,9.58,card
T001561,v_mad,2026-04-12 14:45:16,9.37,card
T000075,v_sto,2026-04-08 19:19:06,-25,cash
T000028,v_sto,2026-04-14 06:17:29,18.33,cash
T000596,v_lon,2026-04-12 18:03:22,53.65,apple_pay
T002304,v_hel,2026-04-08 02:13:39,22.61,swish
T000346,v_sto,2026-04-09 19:24:05,40.85,card
T001613,v_mad,2026-04-13 18:13:36,10.63,card
T000233,v_sto,2026-04-13 18:38:30,13.25,swish
T001206,v_ber,2026-04-15 05:15:17,9.41,card
T001723,v_mad,2026-04-11 09:31:51,15.38,swish
T000862,v_lon,2026-04-10 19:09:06,27.21,cash
T000675,v_lon,2026-04-07 19:21:53,16.56,swish
T001685,v_mad,2026-04-10 19:48:59,28.79,apple_pay
T000392,v_sto,2026-04-07 10:01:33,28.84,cash
T000453,v_lon,2026-04-11 19:22:45,26.37,cash
T000372,v_sto,2026-04-10 22:26:44,72.12,apple_pay
T001271,v_ber,2026-04-14 18:53:23,144.75,card
T000162,v_sto,2026-04-13 13:01:20,25.71,card
T000698,v_lon,2026-04-10 22:10:30,24.28,apple_pay
T002202,v_hel,2026-04-14 12:55:12,17.55,swish
T002176,v_hel,2026-04-16 18:34:34,67.92,cash
T001784,v_mad,2026-04-16 17:41:46,8.11,apple_pay
T000073,v_sto,2026-04-07 19:12:53,7.72,cash
T002019,v_hel,2026-04-12 19:27:42,8.19,card
T001513,v_mad,2026-04-13 17:01:39,12.84,cash
T002273,v_hel,2026-04-16 11:02:28,28.84,apple_pay
T000242,v_sto,2026-04-11 20:08:06,41.99,card
T002224,v_hel,2026-04-08 14:15:57,73.16,cash
T000513,v_lon,2026-04-10 21:17:53,17.72,card
T002059,v_hel,2026-04-12 12:59:33,21.88,card
T002052,v_hel,2026-04-15 16:30:12,162.72,card
T001487,v_mad,2026-04-08 21:32:23,96.83,apple_pay
T000843,v_lon,2026-04-10 01:02:29,41.65,cash
T000048,v_sto,2026-04-08 23:22:41,31.08,apple_pay
T002215,v_hel,2026-04-09 22:03:19,33.46,card
T001665,v_mad,2026-04-10 23:12:08,30.69,card
T001314,v_ber,2026-04-16 20:55:03,10.04,cash
T000329,v_sto,2026-04-14 18:36:01,47.32,card
T002272,v_hel,2026-04-12 10:58:56,12.09,apple_pay
T000538,v_lon,2026-04-11 05:36:33,54.36,card
T001350,v_mad,2026-04-15 18:55:46,21.82,card
T000340,v_sto,2026-04-15 16:52:13,29.72,card
T002196,v_hel,2026-04-14 23:12:55,9.06,klarna
T000014,v_sto,2026-04-09 21:38:04,21.30,card
T001955,v_hel,2026-04-16 18:15:34,"32,99",cash
T001603,v_mad,2026-04-09 06:43:17,15.39,card
T000847,v_lon,2026-04-08 22:13:18,20.08,cash
T001062,v_ber,2026-04-10 21:46:29,13.30,card
T000787,v_lon,2026-04-11 07:14:30,24.17,apple_pay
T001044,v_ber,2026-04-14 19:10:53,17.64,card
T001343,v_ber,2026-04-08 22:57:39,84.91,card
T001203,v_ber,2026-04-08 21:30:20,40.83,card
T001706,v_mad,2026-04-07 19:58:47,56.27,apple_pay
T001995,v_hel,2026-04-09 22:38:32,17.20,card
T001453,v_mad,2026-04-07 14:17:54,11.59,card
T001153,v_ber,2026-04-14 00:59:09,23.82,card
T001855,v_hel,2026-04-09 17:16:58,108.03,card
T000006,v_sto,2026-04-14 01:53:40,83.96,cash
T000016,v_sto,2026-04-11 16:00:46,55.36,cash
T001849,v_hel,2026-04-10 20:01:28,16.87,card
T000384,v_sto,2026-04-14 18:39:39,44.68,card
T001499,v_mad,2026-04-09 20:00:26,5.97,cash
T000101,v_sto,2026-04-09 21:58:17,11.93,cash
T001769,v_mad,2026-04-16 14:53:47,9.48,card
T001224,v_ber,2026-04-13 14:11:05,16.59,card
T000910,v_ber,2026-04-09 10:47:38,12.38,card
T001064,v_ber,2026-04-14 03:25:24,14.69,cash
T001932,v_hel,2026-04-14 23:09:01,15.38,cash
T000201,v_sto,2026-04-15 12:46:27,8.41,apple_pay
T001751,v_mad,2026-04-11 17:18:28,43.54,card
T001611,v_mad,2026-04-08 18:48:15,18.00,swish
T001411,v_mad,2026-04-16 19:38:34,44.72,apple_pay
T001698,v_mad,2026-04-07 20:16:28,52.13,card
T000428,v_sto,2026-04-10 19:43:13,18.76,card
T002084,v_hel,2026-04-10 17:50:28,43.54,card
T002134,v_hel,2026-04-07 15:15:03,28.27,card
T001670,v_mad,2026-04-09 20:42:46,16.96,card
T002291,v_hel,2026-04-09 18:18:57,76.48,apple_pay
T002213,v_hel,2026-04-12 10:09:34,27.01,cash
T001979,v_hel,2026-04-15 20:12:55,13.47,card
T002098,v_hel,2026-04-11 12:31:46,58.08,klarna
T000455,v_lon,2026-04-16 02:06:57,20.49,swish
T002130,v_hel,2026-04-14 19:53:51,17.69,card
T000026,v_sto,2026-04-13 13:29:55,69.64,swish
T001631,v_mad,2026-04-14 18:10:01,35.32,card
T001248,v_ber,2026-04-07 22:55:06,17.69,card
T000828,v_lon,2026-04-14 20:11:00,12.90,cash
T002043,v_hel,2026-04-12 16:14:36,43.82,card
T000573,v_lon,2026-04-13 13:49:55,31.40,card
T002199,v_hel,2026-04-14 13:22:44,35.68,apple_pay
T000973,v_ber,2026-04-16 14:08:41,109.66,card
T000785,v_lon,2026-04-07 12:01:55,31.08,cash
T001925,v_hel,2026-04-07 22:18:13,12.49,card
T001183,v_ber,2026-04-12 19:58:56,60.84,apple_pay
T000395,v_sto,2026-04-13 20:19:20,17.87,swish
T001572,v_mad,2026-04-16 18:11:32,12.29,cash
T001836,v_hel,2026-04-07 15:03:30,18.63,klarna
T000407,v_sto,2026-04-10 07:05:30,54.49,card
T001078,v_ber,2026-04-08 19:11:12,45.67,swish
T000623,v_lon,2026-04-08 16:49:44,17.96,cash
T000819,v_lon,2026-04-08 22:13:37,54.17,card
T000734,v_lon,2026-04-11 05:17:49,12.70,swish
T001471,v_mad,2026-04-12 21:43:25,79.64,card
T001337,v_ber,2026-04-08 19:50:33,22.79,card
T000439,v_sto,2026-04-08 10:47:55,10.05,card
T000776,v_lon,2026-04-12 18:32:58,195.09,card
T000750,v_lon,2026-04-10 17:43:25,33.35,apple_pay
T001497,v_mad,2026-04-11 23:44:51,8.43,card
T001994,v_hel,2026-04-14 12:37:08,50.45,card
T001738,v_mad,2026-04-14 14:08:20,80.49,card
T001652,v_mad,2026-04-09 15:18:40,25.65,card
T001377,v_mad,2026-04-08 23:36:32,55.18,card
T000192,v_sto,2026-04-07 19:36:26,9.67,cash
T000091,v_sto,2026-04-09 09:19:05,67.21,apple_pay
T001523,v_mad,2026-04-16 18:46:10,18.81,card
T001092,v_ber,2026-04-07 07:57:24,45.21,card
T001375,v_mad,2026-04-09 18:06:38,18.12,apple_pay
T001419,v_mad,2026-04-11 12:06:16,23.14,card
T001524,v_mad,2026-04-10 19:16:06,15.41,card
T000699,v_lon,2026-04-16 16:36:50,16.15,card
T000078,v_sto,2026-04-15 16:04:32,24.85,card
T001815,v_mad,2026-04-08 05:23:48,53.42,cash
T001104,v_ber,2026-04-09 23:21:27,49.87,cash
T000377,v_sto,2026-04-14 12:05:10,51.01,apple_pay
T000374,v_sto,2026-04-09 11:54:20,69.69,apple_pay
T001076,v_ber,2026-04-12 00:52:31,48.28,cash
T000805,v_lon,2026-04-16 22:30:36,27.05,apple_pay
T000239,v_sto,2026-04-11 19:44:45,29.25,cash
T000279,v_sto,2026-04-10 13:02:36,43.02,card
T000142,v_sto,2026-04-07 03:33:07,52.69,apple_pay
T000878,v_lon,2026-04-12 09:07:00,47.75,swish
T001185,v_ber,2026-04-12 03:57:02,34.95,cash
T001554,v_mad,2026-04-10 22:32:28,18.99,card
T000653,v_lon,2026-04-11 21:18:39,74.06,cash
T000051,v_sto,2026-04-14 02:43:46,15.82,swish
T000159,v_sto,2026-04-15 18:14:25,117.04,card
T002004,v_hel,2026-04-15 23:21:19,31.79,card
T001729,v_mad,2026-04-16 10:31:36,28.91,cash
T002070,v_hel,2026-04-12 12:20:52,23.80,apple_pay
T001118,v_ber,2026-04-15 05:15:19,59.67,cash
T001801,v_mad,2026-04-13 19:15:38,31.56,card
T000566,v_lon,2026-04-07 08:08:57,71.51,apple_pay
T001196,v_ber,2026-04-13 14:06:42,36.18,cash
T000283,v_sto,2026-04-07 18:52:42,9.23,card
T001440,v_mad,2026-04-16 21:13:10,35.24,card
T001817,v_mad,2026-04-17 00:21:39,43.36,card
T000615,v_lon,2026-04-11 22:35:36,12.68,card
T000601,v_lon,2026-04-15 12:49:40,30.82,klarna
T001396,v_mad,2026-04-07 13:36:27,53.67,apple_pay
T000111,v_sto,2026-04-11 22:42:31,66.27,card
T000290,v_sto,2026-04-12 18:57:33,57.67,swish
T002119,v_hel,2026-04-16 07:22:46,15.10,apple_pay
T002298,v_hel,2026-04-12 21:06:49,13.12,cash
T002293,v_hel,2026-04-13 13:02:14,61.41,cash
T000488,v_lon,2026-04-15 19:49:46,66.10,card
T002223,v_hel,2026-04-14 18:00:35,14.75,card
T000254,v_sto,2026-04-11 20:23:39,28.59,swish
T001804,v_mad,2026-04-11 21:32:31,10.38,apple_pay
T001479,v_mad,2026-04-11 21:38:25,31.94,cash
T002078,v_hel,2026-04-11 20:46:37,25.89,klarna
T000688,v_lon,2026-04-09 12:39:35,30.65,card
T001368,v_mad,2026-04-10 17:05:17,86.85,swish
T002160,v_hel,2026-04-11 22:42:27,34.67,card
T001695,v_mad,2026-04-13 18:59:50,37.67,apple_pay
T000970,v_ber,2026-04-17 00:25:44,17.72,cash
T001989,v_hel,2026-04-09 05:51:01,35.04,card
T001274,v_ber,2026-04-11 19:37:29,15.34,card
T000985,v_ber,2026-04-13 05:56:36,10.38,swish
T000464,v_lon,2026-04-12 22:06:27,38.85,card
T000183,v_sto,2026-04-14 20:49:24,30.18,card
T001863,v_hel,2026-04-08 18:27:25,46.92,card
T001491,v_mad,2026-04-11 07:26:01,27.39,card
T000493,v_lon,2026-04-09 17:25:05,6.36,cash
T002227,v_hel,2026-04-07 05:29:53,20.19,apple_pay
T001850,v_hel,2026-04-16 13:03:51,30.71,card
T002061,v_hel,2026-04-15 20:50:25,49.96,swish
T001257,v_ber,2026-04-11 23:37:50,47.75,apple_pay
T001934,v_hel,2026-04-11 20:37:12,47.93,swish
T001371,v_mad,2026-04-11 02:16:16,74.76,card
T000135,v_sto,2026-04-08 22:26:17,12.30,card
T000695,v_lon,2026-04-09 20:50:55,69.49,card
T001413,v_mad,2026-04-11 20:21:26,8.34,swish
T001357,v_mad,2026-04-09 00:17:17,34.91,swish
T002277,v_hel,2026-04-10 17:39:44,66.26,card
T001282,v_ber,2026-04-11 01:10:43,5.06,cash
T000069,v_sto,2026-04-09 23:58:25,41.62,card
T002253,v_hel,2026-04-07 19:12:02,26.55,card
T000066,v_sto,2026-04-07 22:24:30,12.01,apple_pay
T001717,v_mad,2026-04-10 10:02:44,21.56,card
T002105,v_hel,2026-04-11 21:38:51,31.39,cash
T000732,v_lon,2026-04-16 19:57:07,41.09,card
T000638,v_lon,2026-04-13 18:46:24,32.41,klarna
T000700,v_lon,2026-04-08 22:53:31,9.53,card
T000581,v_lon,2026-04-11 18:44:59,28.83,card
T001870,v_hel,2026-04-13 21:06:17,40.16,cash
T000099,v_sto,2026-04-08 21:47:20,34.09,card
T000946,v_ber,2026-04-12 19:45:27,28.49,card
T001240,v_ber,2026-04-11 13:43:15,32.76,card
T001888,v_hel,2026-04-14 02:50:49,38.23,cash
T001074,v_ber,2026-04-11 22:34:42,92.11,apple_pay
T001679,v_mad,2026-04-13 20:20:42,19.34,card
T000741,v_lon,2026-04-12 13:25:03,10.43,swish
T002233,v_hel,2026-04-15 22:39:25,10.59,apple_pay
T000470,v_lon,2026-04-07 21:21:35,66.95,apple_pay
T002106,v_hel,2026-04-12 20:42:32,23.97,cash
T001634,v_mad,2026-04-14 14:43:19,18.69,klarna
T000494,v_lon,2026-04-12 12:48:39,15.15,cash
T000730,v_lon,2026-04-11 10:01:39,94.08,swish
T001739,v_mad,2026-04-12 21:35:01,46.47,card
T001546,v_mad,2026-04-09 05:48:14,15.03,card
T002077,v_hel,2026-04-15 16:55:10,6.84,cash
T000146,v_sto,2026-04-16 21:32:38,20.01,card
T001512,v_mad,2026-04-12 19:43:58,9.51,card
T000908,v_ber,2026-04-07 03:11:50,16.00,card
T001986,v_hel,2026-04-08 22:12:15,40.64,card
T001578,v_mad,2026-04-13 21:11:11,138.81,card
T001177,v_ber,2026-04-10 19:41:18,15.84,cash
T002295,v_hel,2026-04-14 22:08:00,7.95,card
T001591,v_mad,2026-04-11 22:59:21,5.00,card
T002129,v_hel,2026-04-14 20:23:18,26.91,card
T002194,v_hel,2026-04-09 12:05:23,49.74,apple_pay
T001190,v_ber,2026-04-09 08:22:20,29.60,swish
T000241,v_sto,2026-04-08 13:41:16,43.78,apple_pay
T001082,v_ber,2026-04-15 23:59:31,28.58,card
T000106,v_sto,2026-04-11 17:31:07,103.51,card
T001743,v_mad,2026-04-12 21:25:34,12.19,apple_pay
T000260,v_sto,2026-04-14 20:46:01,15.19,apple_pay
T001958,v_hel,2026-04-08 20:29:10,24.52,card
T001790,v_mad,2026-04-07 14:44:27,116.07,card
T000268,v_sto,2026-04-16 14:49:43,49.51,klarna
T001202,v_ber,2026-04-10 15:14:25,6.72,cash
T000258,v_sto,2026-04-09 09:28:07,64.46,card
T001656,v_mad,2026-04-10 14:03:52,54.76,card
T001035,v_ber,2026-04-12 21:29:29,42.49,card
T002234,v_hel,2026-04-15 11:35:35,32.05,card
T002023,v_hel,2026-04-15 16:58:56,25.32,card
T001363,v_mad,2026-04-15 22:46:36,46.42,swish
T000851,v_lon,2026-04-15 22:11:56,83.98,card
T002186,v_hel,2026-04-15 21:31:26,49.77,card
T001511,v_mad,2026-04-14 13:10:59,63.34,card
T002008,v_hel,2026-04-16 21:49:39,34.51,apple_pay
T000398,v_sto,2026-04-10 18:59:31,130.97,card
T001132,v_ber,2026-04-14 07:51:29,30.11,card
T000421,v_sto,2026-04-08 23:08:19,83.41,apple_pay
T000427,v_sto,2026-04-11 18:18:01,25.49,cash
T001060,v_ber,2026-04-13 19:28:40,15.83,cash
T002117,v_hel,2026-04-09 20:49:33,22.43,card
T001276,v_ber,2026-04-14 20:20:49,42.92,card
T000055,v_sto,2026-04-16 20:29:28,27.46,card
T000404,v_sto,2026-04-16 19:03:06,23.50,swish
T001778,v_mad,2026-04-16 21:40:39,42.54,swish
T002212,v_hel,2026-04-08 22:13:28,51.94,card
T001049,v_ber,2026-04-08 19:46:10,9.76,apple_pay
T001006,v_ber,2026-04-11 18:53:43,8.49,klarna
T000830,v_lon,2026-04-10 00:21:12,43.64,apple_pay
T000413,v_sto,2026-04-16 22:09:07,79.87,swish
T001385,v_mad,2026-04-13 13:44:35,19.33,card
T001536,v_mad,2026-04-15 22:55:05,33.37,card
T000942,v_ber,2026-04-07 20:40:32,24.97,cash
T000793,v_lon,2026-04-14 12:46:30,32.77,card
T002292,v_hel,2026-04-16 22:28:20,8.88,cash
T002324,v_hel,2026-04-08 22:43:24,21.03,card
T000561,v_lon,2026-04-14 23:20:44,25.54,card
T000880,v_lon,2026-04-11 13:24:08,27.04,card
T000686,v_lon,2026-04-07 03:01:36,70.86,card
T000766,v_lon,2026-04-16 09:57:10,37.00,card
T002229,v_hel,2026-04-11 03:57:41,24.46,klarna
T000860,v_lon,2026-04-08 22:49:59,31.86,card
T001803,v_mad,2026-04-07 13:17:29,9.38,cash
T001700,v_mad,2026-04-13 17:43:17,42.82,apple_pay
T000277,v_sto,2026-04-10 20:24:29,31.95,card
T002311,v_hel,2026-04-12 22:14:59,61.98,card
T002048,v_hel,2026-04-10 17:34:18,40.46,apple_pay
T000285,v_sto,2026-04-11 20:01:32,95.09,apple_pay
T001943,v_hel,2026-04-07 16:59:22,59.55,card
T000532,v_lon,2026-04-12 22:37:04,17.69,card
T002178,v_hel,2026-04-11 22:42:34,158.00,apple_pay
T001452,v_mad,2026-04-09 19:05:26,47.31,card
T001281,v_ber,2026-04-09 11:24:28,74.38,apple_pay
T001711,v_mad,2026-04-12 19:10:25,44.69,cash
T001406,v_mad,2026-04-13 03:20:42,88.94,card
T001715,v_mad,2026-04-08 13:44:43,40.68,card
T000046,v_sto,2026-04-10 14:06:24,5.00,card
T000422,v_sto,2026-04-11 22:41:05,18.65,apple_pay
T000023,v_sto,2026-04-15 10:00:04,39.11,card
T001918,v_hel,2026-04-08 20:41:38,26.46,card
T000325,v_sto,2026-04-10 12:23:44,14.83,cash
T000236,v_sto,2026-04-10 17:58:30,17.82,cash
T000771,v_lon,2026-04-07 21:13:08,23.99,swish
T000612,v_lon,2026-04-12 22:34:13,21.49,apple_pay
T000465,v_lon,2026-04-13 09:57:39,10.99,card
T000278,v_sto,2026-04-15 21:06:51,89.19,apple_pay
T000266,v_sto,2026-04-07 10:06:38,38.78,apple_pay
T001136,v_ber,2026-04-12 10:38:28,78.55,card
T000105,v_sto,2026-04-15 13:40:28,44.40,cash
T001622,v_mad,2026-04-16 21:54:16,15.74,card
T000605,v_lon,2026-04-16 20:03:23,9.14,card
T000433,v_sto,2026-04-11 20:16:41,22.58,apple_pay
T001288,v_ber,2026-04-10 21:25:25,55.93,card
T000430,v_sto,2026-04-11 20:27:57,23.89,card
T000499,v_lon,2026-04-08 08:41:52,13.91,card
T001329,v_ber,2026-04-16 14:53:25,45.17,cash
T000271,v_sto,2026-04-13 20:44:26,25.63,card
T000009,v_sto,2026-04-10 08:17:59,43.85,apple_pay
T002138,v_hel,2026-04-08 20:12:42,153.92,cash
T000811,v_lon,2026-04-07 07:23:49,29.19,swish
T001674,v_mad,2026-04-14 21:18:43,38.65,apple_pay
T001181,v_ber,2026-04-11 02:17:40,31.65,card
T000560,v_lon,2026-04-13 22:02:32,8.07,apple_pay
T001608,v_mad,2026-04-11 23:00:06,49.33,cash
T002032,v_hel,2026-04-09 23:22:45,57.38,swish
T000978,v_ber,2026-04-10 11:23:02,41.08,card
T000711,v_lon,2026-04-13 21:24:22,16.92,card
T002025,v_hel,2026-04-11 03:54:47,20.27,apple_pay
T001950,v_hel,2026-04-16 22:13:28,23.79,apple_pay
T001788,v_mad,2026-04-08 03:08:47,9.64,apple_pay
T001025,v_ber,2026-04-10 17:01:23,12.31,card
T001758,v_mad,2026-04-13 20:04:17,27.11,apple_pay
T001097,v_ber,2026-04-13 18:19:03,34.28,card
T000210,v_sto,2026-04-12 22:34:18,66.87,cash
T001151,v_ber,2026-04-11 23:42:52,25.52,apple_pay
T001056,v_ber,2026-04-13 22:05:03,12.59,card
T001061,v_ber,2026-04-09 19:05:11,57.99,swish
T002080,v_hel,2026-04-07 18:09:51,15.77,cash
T000079,v_sto,2026-04-12 21:45:09,22.42,swish
T002351,v_hel,2026-04-14 10:57:33,34.87,card
T001584,v_mad,2026-04-15 14:42:45,11.54,apple_pay
T002155,v_hel,2026-04-16 00:34:59,25.46,cash
T001647,v_mad,2026-04-09 21:12:38,10.29,card
T002309,v_hel,2026-04-10 12:02:57,43.97,card
T001387,v_mad,2026-04-14 21:18:48,29.06,card
T001507,v_mad,2026-04-11 21:15:24,70.59,card
T000182,v_sto,2026-04-14 10:19:51,9.57,cash
T001008,v_ber,2026-04-15 23:56:45,16.54,card
T001905,v_hel,2026-04-09 13:04:33,21.65,apple_pay
T002103,v_hel,2026-04-12 09:58:33,20.87,apple_pay
T001476,v_mad,2026-04-10 17:15:09,126.28,card
T002116,v_hel,2026-04-11 02:12:27,25.02,card
T002072,v_hel,2026-04-10 21:54:20,5.00,apple_pay
T000975,v_ber,2026-04-08 18:34:01,27.83,swish
T001916,v_hel,2026-04-07 17:42:24,13.72,card
T000163,v_sto,2026-04-13 19:27:37,26.35,klarna
T002303,v_hel,2026-04-11 13:55:03,6.27,card
T000468,v_lon,2026-04-07 03:02:35,42.09,apple_pay
T001405,v_mad,2026-04-16 13:18:06,25.19,card
T000498,v_lon,2026-04-15 18:13:42,36.56,apple_pay
T002095,v_hel,2026-04-16 23:47:26,120.89,cash
T001760,v_mad,2026-04-11 14:36:30,17.01,card
T000521,v_lon,2026-04-14 11:23:14,64.57,card
T000681,v_lon,2026-04-07 12:31:56,16.88,swish
T000665,v_lon,2026-04-16 22:36:50,274.89,apple_pay
T001472,v_mad,2026-04-11 23:37:01,18.49,card
T000777,v_lon,2026-04-12 18:23:23,12.40,card
T002145,v_hel,2026-04-07 20:41:53,37.90,swish
T002316,v_hel,2026-04-15 21:53:58,17.70,card
T001309,v_ber,2026-04-09 20:32:59,42.41,card
T000119,v_sto,2026-04-08 18:28:10,20.17,card
T002001,v_hel,2026-04-10 03:49:13,19.17,card
T001493,v_mad,2026-04-09 21:27:57,40.51,apple_pay
T000191,v_sto,2026-04-14 18:40:32,41.32,card
T000640,v_lon,2026-04-09 19:55:08,13.78,cash
T001490,v_mad,2026-04-16 20:27:21,73.88,card
T000697,v_lon,2026-04-08 14:04:50,19.30,cash
T001557,v_mad,2026-04-11 03:56:47,146.94,klarna
T001864,v_hel,2026-04-07 13:07:19,23.73,cash
T001529,v_mad,2026-04-13 10:01:54,18.26,cash
T001365,v_mad,2026-04-14 01:23:17,72.24,apple_pay
T001135,v_ber,2026-04-15 21:00:39,10.72,cash
T000253,v_sto,2026-04-08 19:25:43,30.88,apple_pay
T001087,v_ber,2026-04-12 19:38:31,22.02,card
T002218,v_hel,2026-04-15 22:28:10,31.03,apple_pay
T002329,v_hel,2026-04-12 20:15:27,22.36,klarna
T000093,v_sto,2026-04-11 18:39:47,36.82,card
T001061,v_ber,2026-04-09 19:05:11,57.99,swish
T001492,v_mad,2026-04-08 12:34:47,25.79,cash
T000558,v_lon,2026-04-15 23:23:39,87.93,card
T000986,v_ber,2026-04-10 07:19:04,35.47,card
T001754,v_mad,2026-04-16 00:13:53,16.88,card
T002361,v_ams,2026-04-08 20:09:00,44.74,cash
T001765,v_mad,2026-04-12 22:09:20,46.23,card
T000248,v_sto,2026-04-14 23:56:08,66.27,card
T001933,v_hel,2026-04-16 13:12:11,15.23,apple_pay
T002026,v_hel,2026-04-15 09:28:41,26.49,apple_pay
T000740,v_lon,2026-04-08 18:24:44,62.71,cash
T000582,v_lon,2026-04-13 22:14:50,11.66,card
T000656,v_lon,2026-04-14 03:44:41,40.46,card
T002355,v_ams,2026-04-10 23:09:10,83.61,cash
T002040,v_hel,2026-04-09 03:16:33,73.15,cash
T002239,v_hel,2026-04-16 12:04:50,27.96,card
T002114,v_hel,2026-04-08 03:02:07,34.71,card
T002128,v_hel,2026-04-16 21:23:27,59.35,card
T002260,v_hel,2026-04-11 11:28:16,38.25,card
T000144,v_sto,2026-04-07 23:27:43,15.31,card
T001394,v_mad,2026-04-16 19:42:17,17.42,apple_pay
T001399,v_mad,2026-04-11 22:43:49,30.96,cash
T000211,v_sto,2026-04-08 23:15:50,29.66,cash
T001659,v_mad,2026-04-07 09:15:39,166.59,card
T001556,v_mad,2026-04-16 12:03:40,19.93,card
T000352,v_sto,2026-04-13 03:40:38,11.99,card
T002064,v_hel,2026-04-09 17:14:55,42.82,cash
T000411,v_sto,2026-04-16 10:53:24,57.91,cash
T001241,v_ber,2026-04-09 23:15:35,82.50,apple_pay
T001003,v_ber,2026-04-07 12:22:01,32.39,card
T000922,v_ber,2026-04-12 21:08:56,12.70,swish
T000768,v_lon,2026-04-13 19:15:20,27.10,swish
T002030,v_hel,2026-04-14 18:10:36,54.72,apple_pay
T000063,v_sto,2026-04-11 22:31:40,17.15,apple_pay
T001914,v_hel,2026-04-07 19:10:47,92.25,card
T001123,v_ber,2026-04-13 19:34:13,16.66,cash
T000674,v_lon,2026-04-15 12:07:43,21.54,cash
T000930,v_ber,2026-04-11 22:31:46,50.77,card
T001312,v_ber,2026-04-12 01:08:25,43.88,apple_pay
T001296,v_ber,2026-04-07 08:54:14,37.49,card
T000955,v_ber,2026-04-12 03:24:14,62.07,card
T000921,v_ber,2026-04-07 06:30:22,25.80,cash
T001687,v_mad,2026-04-07 12:20:59,54.96,card
T001664,v_mad,2026-04-13 13:18:54,32.97,card
T000684,v_lon,2026-04-15 13:09:49,25.30,cash
T001791,v_mad,2026-04-15 19:07:01,11.66,cash
T002148,v_hel,2026-04-08 08:18:03,28.77,card
T000250,v_sto,2026-04-11 19:11:39,67.44,card
T000693,v_lon,2026-04-08 23:36:08,39.07,card
T000358,v_sto,2026-04-08 22:03:19,53.76,card
T002206,v_hel,2026-04-08 20:45:00,36.58,apple_pay
T002245,v_hel,2026-04-16 07:31:53,36.76,apple_pay
T002109,v_hel,2026-04-10 22:57:59,11.08,apple_pay
T002029,v_hel,2026-04-09 20:01:35,123.04,card
T002244,v_hel,2026-04-15 13:23:31,25.62,card
T000588,v_lon,2026-04-14 11:19:50,24.34,card
T002089,v_hel,2026-04-14 06:57:22,28.96,apple_pay
T000858,v_lon,2026-04-08 13:55:04,67.52,card
T000255,v_sto,2026-04-12 17:58:30,142.88,apple_pay
T000011,v_sto,2026-04-16 20:13:41,29.76,cash
T000736,v_lon,2026-04-08 08:13:39,215.05,apple_pay
T002201,v_hel,2026-04-10 20:23:51,26.54,card
T000247,v_sto,2026-04-11 18:19:36,"168,41",card
T002024,v_hel,2026-04-10 20:52:52,9.95,cash
T000694,v_lon,2026-04-14 19:09:55,56.92,card
T000125,v_sto,2026-04-07 21:53:57,5.84,card
T001232,v_ber,2026-04-10 23:23:52,23.73,card
T002035,v_hel,2026-04-08 08:04:57,39.96,
T001469,v_mad,2026-04-08 07:19:10,28.57,card
T000803,v_lon,2026-04-07 19:16:19,27.27,klarna
T001117,v_ber,2026-04-10 18:35:16,96.37,card
T000327,v_sto,2026-04-09 21:18:08,87.14,swish
T000685,v_lon,2026-04-07 12:43:54,33.96,card
T001455,v_mad,2026-04-13 17:42:03,30.20,card
T000476,v_lon,2026-04-15 19:44:37,7.47,cash
T002158,v_hel,2026-04-14 14:05:53,25.64,cash
T001907,v_hel,2026-04-16 18:23:07,15.49,card
T001137,v_ber,2026-04-08 12:32:22,76.90,card
T001408,v_mad,2026-04-14 01:16:43,20.93,card
T001818,v_mad,2026-04-10 22:48:17,66.42,card
T000644,v_lon,2026-04-11 06:06:08,6.10,cash
T000092,v_sto,2026-04-10 21:28:58,18.34,swish
T001384,v_mad,2026-04-14 19:55:02,31.16,card
T001346,v_mad,2026-04-07 18:49:50,66.95,klarna
T001586,v_mad,2026-04-08 20:56:39,16.26,card
T001004,v_ber,2026-04-16 20:02:01,18.11,card
T000434,v_sto,2026-04-07 22:25:42,23.32,card
T001011,v_ber,2026-04-14 22:04:10,31.27,cash
T000574,v_lon,2026-04-07 03:42:16,82.13,card
T002289,v_hel,2026-04-07 12:40:48,103.78,card
T002022,v_hel,2026-04-16 20:54:32,5.89,card
T000873,v_lon,2026-04-08 09:45:49,160.39,apple_pay
T000049,v_sto,2026-04-12 18:56:16,21.87,card
T001171,v_ber,2026-04-12 14:56:35,21.63,klarna
T000480,v_lon,2026-04-09 23:32:34,42.33,card
T000929,v_ber,2026-04-16 00:10:40,16.84,card
T001683,v_mad,2026-04-09 22:27:11,13.28,card
T001767,v_mad,2026-04-15 16:05:38,21.27,swish
T001344,v_ber,2026-04-08 22:47:39,29.13,apple_pay
T000587,v_lon,2026-04-08 12:45:28,42.81,card
T000673,v_lon,2026-04-11 00:44:18,21.86,card
T000633,v_lon,2026-04-12 18:18:55,63.54,swish
T000024,v_sto,2026-04-07 18:32:15,17.89,cash
T001474,v_mad,2026-04-07 23:50:49,15.53,card
T001096,v_ber,2026-04-08 03:47:37,14.47,klarna
T001478,v_mad,2026-04-13 19:48:58,43.20,apple_pay
T002131,v_hel,2026-04-16 00:51:50,30.54,card
T000082,v_sto,2026-04-13 13:54:20,18.47,apple_pay
T000789,v_lon,2026-04-09 05:02:20,35.21,card
T000504,v_lon,2026-04-14 17:01:30,17.68,apple_pay
T001420,v_mad,2026-04-13 21:18:58,49.15,card
T001167,v_ber,2026-04-16 12:00:10,37.07,card
T001439,v_mad,2026-04-16 21:21:36,66.82,card
T002127,v_hel,2026-04-10 20:02:15,5.31,swish
T001871,v_hel,2026-04-16 12:29:38,49.57,apple_pay
T001295,v_ber,2026-04-07 20:45:21,34.15,apple_pay
T001517,v_mad,2026-04-10 13:04:57,25.69,card
T000870,v_lon,2026-04-13 18:52:10,48.62,card
T002165,v_hel,2026-04-09 12:56:38,15.39,card
T001910,v_hel,2026-04-11 03:48:59,22.67,card
T000883,v_lon,2026-04-07 20:44:25,65.62,apple_pay
T000031,v_sto,2026-04-14 14:46:50,38.05,card
T002188,v_hel,2026-04-11 19:12:50,30.60,card
T002270,v_hel,2026-04-11 18:43:11,38.33,swish
T001935,v_hel,2026-04-16 18:24:30,117.31,card
T002237,v_hel,2026-04-09 17:48:22,6.76,cash
T001201,v_ber,2026-04-16 19:27:59,96.63,card
T000108,v_sto,2026-04-09 20:32:45,5.78,swish
T001184,v_ber,2026-04-08 18:14:06,64.36,card
T001764,v_mad,2026-04-07 12:38:23,27.16,card
T000536,v_lon,2026-04-07 21:14:51,27.34,card
T000164,v_sto,2026-04-12 10:04:32,42.18,card
T001163,v_ber,2026-04-11 22:22:57,19.42,card
T002086,v_hel,2026-04-15 18:47:08,19.71,apple_pay
T000212,v_sto,2026-04-14 22:08:39,19.48,card
T000273,v_sto,2026-04-15 16:35:33,16.79,card
T001832,v_hel,2026-04-09 20:55:58,15.84,card
T001330,v_ber,2026-04-14 21:20:48,7.31,swish
T000871,v_lon,2026-04-16 22:47:20,28.32,card
T000782,v_lon,2026-04-08 08:05:05,25.57,swish
T002113,v_hel,2026-04-14 17:08:03,37.97,card
T001000,v_ber,2026-04-12 22:21:39,20.96,card
T000769,v_lon,2026-04-09 18:26:02,10.57,apple_pay
T000864,v_lon,2026-04-09 14:23:52,15.67,swish
T000015,v_sto,2026-04-11 23:43:46,110.29,card
T002299,v_hel,2026-04-12 18:46:37,86.65,card
T000084,v_sto,2026-04-14 21:28:50,13.19,card
T001393,v_mad,2026-04-08 13:28:14,57.49,swish
T001326,v_ber,2026-04-09 20:41:46,34.52,klarna
T000655,v_lon,2026-04-13 16:01:11,17.52,klarna
T001900,v_hel,2026-04-10 21:35:49,27.84,card
T001984,v_hel,2026-04-12 09:16:37,13.99,card
T001013,v_ber,2026-04-14 22:25:40,101.19,card
T002289,v_hel,2026-04-07 12:40:48,103.78,card
T000141,v_sto,2026-04-07 04:50:50,18.84,card
T000076,v_sto,2026-04-13 17:12:04,57.63,card
T002101,v_hel,2026-04-16 15:36:11,27.53,card
T000679,v_lon,2026-04-13 00:17:53,78.67,cash
T000990,v_ber,2026-04-10 01:03:19,37.91,card
T001304,v_ber,2026-04-15 05:45:17,6.01,card
T001026,v_ber,2026-04-12 13:27:43,107.81,apple_pay
T000749,v_lon,2026-04-17 00:07:31,40.36,card
T000474,v_lon,2026-04-10 18:48:26,37.98,klarna
T000598,v_lon,2026-04-11 01:22:46,29.07,card
T002264,v_hel,2026-04-14 18:25:23,27.36,card
T001796,v_mad,2026-04-14 10:24:35,42.54,apple_pay
T001826,v_hel,2026-04-10 11:25:17,19.61,card
T001675,v_mad,2026-04-14 20:40:29,23.43,card
T000184,v_sto,2026-04-10 19:55:16,10.65,card
T000053,v_sto,2026-04-13 22:08:12,6.05,cash
T000890,v_lon,2026-04-14 19:35:54,121.36,card
T000114,v_sto,2026-04-07 03:55:06,66.96,cash
T002347,v_hel,2026-04-13 18:31:10,55.32,card
T001965,v_hel,2026-04-07 18:42:16,63.17,cash
T001381,v_mad,2026-04-14 21:50:26,56.09,cash
T000533,v_lon,2026-04-10 22:43:26,81.06,card
T001642,v_mad,2026-04-16 01:24:19,51.53,swish
T000357,v_sto,2026-04-08 13:46:54,19.80,swish
T000996,v_ber,2026-04-07 03:32:41,46.74,klarna
T001451,v_mad,2026-04-15 18:23:01,48.14,apple_pay
T002007,v_hel,2026-04-16 05:45:28,5.78,apple_pay
T000337,v_sto,2026-04-13 22:40:17,38.35,card
T000503,v_lon,2026-04-08 14:06:18,49.12,card
T001283,v_ber,2026-04-09 18:47:07,42.79,card
T001811,v_mad,2026-04-11 19:38:50,38.21,klarna
T002300,v_hel,2026-04-14 05:24:35,32.15,apple_pay
T000882,v_lon,2026-04-11 11:58:15,18.27,card
T001923,v_hel,2026-04-11 15:54:40,14.95,card
T000380,v_sto,2026-04-08 19:07:00,19.79,card
T001828,v_hel,2026-04-07 16:23:24,10.80,card
T000469,v_lon,2026-04-16 22:35:13,42.21,card
T000742,v_lon,2026-04-08 20:41:12,25.26,apple_pay
T001027,v_ber,2026-04-11 12:36:50,45.10,swish
T001640,v_mad,2026-04-11 15:22:41,38.21,apple_pay
T001784,v_mad,2026-04-16 17:41:46,8.11,apple_pay
T000635,v_lon,2026-04-10 21:35:59,39.13,swish
T002226,v_hel,2026-04-15 19:20:19,15.18,card
T001615,v_mad,2026-04-12 12:17:28,49.68,apple_pay
T001568,v_mad,2026-04-12 19:49:52,34.46,klarna
T000527,v_lon,2026-04-10 16:46:07,28.75,card
T000754,v_lon,2026-04-08 22:56:18,17.79,apple_pay
T001320,v_ber,2026-04-07 06:10:32,56.90,card
T001771,v_mad,2026-04-15 19:47:14,84.96,card
T002306,v_hel,2026-04-10 22:47:07,109.75,apple_pay
T001213,v_ber,2026-04-13 10:09:36,40.72,apple_pay
T000175,v_sto,2026-04-16 20:05:37,15.47,cash
T000295,v_sto,2026-04-16 23:49:20,13.79,swish
T000298,v_sto,2026-04-12 12:00:19,22.72,card
T001166,v_ber,2026-04-15 23:28:48,30.77,card
T001242,v_ber,2026-04-16 17:24:46,31.13,card
T001702,v_mad,2026-04-11 03:58:42,19.25,card
T000609,v_lon,2026-04-09 22:26:47,8.09,card
T001598,v_mad,2026-04-09 22:27:54,76.83,card
T002063,v_hel,2026-04-12 21:11:58,71.95,swish
T002198,v_hel,2026-04-11 21:04:09,9.61,card
T002081,v_hel,2026-04-11 00:08:41,12.20,card
T001571,v_mad,2026-04-11 07:14:59,27.36,apple_pay
T001592,v_mad,2026-04-14 21:42:06,40.77,cash
T000726,v_lon,2026-04-07 03:54:27,43.93,card
T000934,v_ber,2026-04-15 20:01:28,14.49,swish
T001121,v_ber,2026-04-09 19:37:22,11.18,card
T000545,v_lon,2026-04-17 00:40:31,27.37,cash
T001587,v_mad,2026-04-11 13:42:37,31.75,klarna
T001731,v_mad,2026-04-12 01:49:12,48.64,card
T001525,v_mad,2026-04-14 20:21:18,42.12,card
T001383,v_mad,2026-04-09 18:10:07,19.78,apple_pay
T001051,v_ber,2026-04-10 11:20:11,11.23,card
T000568,v_lon,2026-04-08 16:16:23,20.53,apple_pay
T000610,v_lon,2026-04-14 21:56:06,18.41,card
T001600,v_mad,2026-04-16 18:03:48,26.46,apple_pay
T000050,v_sto,2026-04-12 17:07:24,54.25,card
T001007,v_ber,2026-04-12 20:29:15,23.38,card
T000987,v_ber,2026-04-07 20:53:16,16.85,swish
T001322,v_ber,2026-04-08 21:09:01,22.32,card
T001299,v_ber,2026-04-11 12:37:33,129.39,card
T000810,v_lon,2026-04-11 14:44:23,9.44,apple_pay
T001169,v_ber,2026-04-08 05:34:15,14.99,swish
T002205,v_hel,2026-04-09 18:12:55,71.34,apple_pay
T000879,v_lon,2026-04-14 21:07:14,41.18,klarna
T001883,v_hel,2026-04-07 22:35:18,36.30,card
T000054,v_sto,2026-04-09 20:25:35,53.35,card
T001712,v_mad,2026-04-15 19:27:16,130.85,cash
T000269,v_sto,2026-04-15 11:17:03,35.45,apple_pay
T000441,v_sto,2026-04-17 00:32:07,61.25,card
T001222,v_ber,2026-04-16 21:07:17,26.61,swish
T000645,v_lon,2026-04-11 22:14:38,10.72,card
T000386,v_sto,2026-04-15 10:24:50,49.09,apple_pay
T002079,v_hel,2026-04-16 14:08:19,26.36,card
T000590,v_lon,2026-04-13 18:49:45,8.03,card
T001259,v_ber,2026-04-16 15:36:22,19.87,card
T000602,v_lon,2026-04-16 22:15:20,65.23,cash
T001068,v_ber,2026-04-11 02:46:46,23.28,card
T000406,v_sto,2026-04-14 07:00:27,40.06,card
T000834,v_lon,2026-04-08 22:49:31,46.60,cash
T001407,v_mad,2026-04-14 19:01:18,21.03,klarna
T001555,v_mad,2026-04-16 18:49:42,41.75,swish
T001398,v_mad,2026-04-11 18:22:51,45.01,cash
T002049,v_hel,2026-04-13 23:32:18,38.67,cash
T001161,v_ber,2026-04-10 08:59:06,9.73,card
T001489,v_mad,2026-04-14 16:18:02,12.31,card
T000829,v_lon,2026-04-08 03:25:44,33.86,swish
T001540,v_mad,2026-04-10 21:05:30,,card
T000167,v_sto,2026-04-16 17:41:40,71.13,swish
T000388,v_sto,2026-04-12 01:33:22,38.78,apple_pay
T000761,v_lon,2026-04-15 03:46:28,35.39,card
T001208,v_ber,2026-04-13 20:48:25,39.28,card
T000491,v_lon,2026-04-07 22:53:42,9.63,cash
T000753,v_lon,2026-04-16 12:01:56,29.53,card
T001620,v_mad,2026-04-14 19:10:20,18.93,cash
T000509,v_lon,2026-04-16 22:29:41,32.63,card
T000391,v_sto,2026-04-12 22:09:36,31.90,card
T000891,v_lon,2026-04-10 06:11:02,28.75,card
T001713,v_mad,2026-04-11 12:04:03,13.47,apple_pay
T000300,v_sto,2026-04-15 03:55:24,11.05,apple_pay
T001321,v_ber,2026-04-11 12:37:31,24.08,card
T000490,v_lon,2026-04-12 01:45:59,18.38,card
T001779,v_mad,2026-04-14 12:16:44,25.65,apple_pay
T001180,v_ber,2026-04-08 20:54:45,51.84,card
T002274,v_hel,2026-04-09 22:03:59,15.15,cash
T000110,v_sto,2026-04-08 13:21:59,48.07,card
T001160,v_ber,2026-04-09 22:07:02,97.99,cash
T000579,v_lon,2026-04-16 17:40:34,21.14,cash
T000914,v_ber,2026-04-10 17:54:50,31.56,apple_pay
T000104,v_sto,2026-04-12 03:55:32,68.42,card
T000052,v_sto,2026-04-12 18:46:57,21.20,card
T000525,v_lon,2026-04-14 22:00:32,68.05,card
T000804,v_lon,2026-04-13 06:01:07,56.16,swish
T000997,v_ber,2026-04-09 07:38:21,31.92,card
T001745,v_mad,2026-04-11 10:41:43,32.28,apple_pay
T000495,v_lon,2026-04-16 10:43:56,71.62,cash
T001147,v_ber,2026-04-09 13:32:46,25.82,card
T000747,v_lon,2026-04-09 00:31:41,36.19,cash
T001901,v_hel,2026-04-08 00:00:36,16.07,swish
T002143,v_hel,2026-04-11 22:49:35,37.21,card
T002047,v_hel,2026-04-10 02:08:20,34.80,apple_pay
T001749,v_mad,2026-04-12 19:25:13,45.05,card
T001521,v_mad,2026-04-07 13:53:52,39.76,card
T001317,v_ber,2026-04-16 22:06:15,15.28,apple_pay
T000314,v_sto,2026-04-13 03:16:14,30.81,cash
T000709,v_lon,2026-04-13 06:08:00,50.35,card
T000456,v_lon,2026-04-11 12:06:52,8.44,card
T001218,v_ber,2026-04-08 22:28:16,51.80,card
T000186,v_sto,2026-04-15 08:05:58,16.33,card
T002236,v_hel,2026-04-08 21:01:44,34.17,swish
T001750,v_mad,2026-04-12 19:53:12,45.22,card
T000701,v_lon,2026-04-08 19:19:25,156.12,card
T002133,v_hel,2026-04-07 20:28:06,47.39,card
T000189,v_sto,2026-04-14 15:57:05,37.63,apple_pay
T001541,v_mad,2026-04-14 12:37:27,38.62,card
T001498,v_mad,2026-04-13 14:49:11,13.27,cash
T001919,v_hel,2026-04-10 19:36:11,73.75,swish
T001292,v_ber,2026-04-07 21:37:00,29.45,card
T002135,v_hel,2026-04-07 20:23:33,87.73,card
T000202,v_sto,2026-04-15 12:05:20,39.64,cash
T000487,v_lon,2026-04-07 19:39:55,60.25,apple_pay
T002357,v_ams,2026-04-09 07:25:03,13.14,cash
T000492,v_lon,2026-04-08 20:33:14,94.25,apple_pay
T000179,v_sto,2026-04-15 22:02:42,12.97,card
T001719,v_mad,2026-04-12 17:09:25,22.56,apple_pay
T000362,v_sto,2026-04-16 06:16:49,9.80,apple_pay
T000070,v_sto,2026-04-13 08:11:03,19.55,card
T000571,v_lon,2026-04-08 16:29:40,23.55,card
T002069,v_hel,2026-04-07 07:37:15,50.20,card
T001046,v_ber,2026-04-07 22:13:28,127.26,apple_pay
T000180,v_sto,2026-04-13 06:53:44,165.02,card
T001302,v_ber,2026-04-08 18:29:02,12.40,card
T000982,v_ber,2026-04-15 18:27:41,54.33,klarna
T002177,v_hel,2026-04-08 13:17:26,185.06,cash
T001210,v_ber,2026-04-07 12:43:29,7.76,swish
T002195,v_hel,2026-04-13 23:48:57,28.17,card
T002197,v_hel,2026-04-12 15:59:51,21.90,apple_pay
T000959,v_ber,2026-04-10 11:05:51,31.83,cash
T000438,v_sto,2026-04-09 22:48:58,9.14,card
T001957,v_hel,2026-04-10 06:44:40,26.61,cash
T000616,v_lon,2026-04-12 19:14:16,45.27,card
T000941,v_ber,2026-04-15 19:53:49,19.95,cash
T001777,v_mad,2026-04-08 16:42:25,22.20,card
T002243,v_hel,2026-04-15 02:56:58,5.00,card
T002240,v_hel,2026-04-08 21:18:45,29.32,card
T000246,v_sto,2026-04-16 10:58:58,80.75,card
T001726,v_mad,2026-04-09 01:26:15,17.87,card
T001119,v_ber,2026-04-09 20:33:58,73.85,cash
T002204,v_hel,2026-04-08 21:48:13,19.38,cash
T000807,v_lon,2026-04-12 19:22:10,12.95,cash
T001252,v_ber,2026-04-07 03:22:30,21.45,cash
T001848,v_hel,2026-04-15 01:12:19,42.45,card
T001997,v_hel,2026-04-07 18:49:50,20.42,card
T001734,v_mad,2026-04-10 23:18:46,31.76,card
T000543,v_lon,2026-04-16 18:10:24,74.21,card
T001441,v_mad,2026-04-07 12:08:32,57.01,card
T000200,v_sto,2026-04-13 21:21:11,29.73,swish
T001488,v_mad,2026-04-12 03:27:34,16.47,cash
T000032,v_sto,2026-04-11 10:37:47,36.68,card
T000548,v_lon,2026-04-13 15:33:00,40.72,card
T001272,v_ber,2026-04-08 07:52:57,31.39,apple_pay
T001456,v_mad,2026-04-15 02:12:44,30.24,apple_pay
T001045,v_ber,2026-04-08 18:43:17,15.69,card
T002175,v_hel,2026-04-16 15:30:48,31.96,cash
T001500,v_mad,2026-04-11 14:50:40,22.66,card
T001077,v_ber,2026-04-13 07:11:45,12.76,cash
T000618,v_lon,2026-04-16 18:46:51,33.14,card
T000923,v_ber,2026-04-12 19:39:13,10.58,cash
T000868,v_lon,2026-04-10 12:58:28,111.04,apple_pay
T001532,v_mad,2026-04-14 22:30:11,29.08,cash
T001856,v_hel,2026-04-09 21:07:05,88.37,card
T001857,v_hel,2026-04-12 20:36:35,53.76,apple_pay
T002038,v_hel,2026-04-11 21:30:34,24.28,cash
T000585,v_lon,2026-04-15 21:12:54,12.71,card
T001284,v_ber,2026-04-15 03:13:09,24.14,card
T000720,v_lon,2026-04-09 20:54:16,11.52,card
T000308,v_sto,2026-04-16 23:43:49,107.92,card
T000595,v_lon,2026-04-16 21:44:38,16.41,apple_pay
T001334,v_ber,2026-04-13 19:05:37,64.36,klarna
T000122,v_sto,2026-04-14 22:10:04,26.96,cash
T001141,v_ber,2026-04-15 00:39:29,21.81,card
T002211,v_hel,2026-04-12 13:03:52,37.05,klarna
T000809,v_lon,2026-04-09 22:48:10,45.27,apple_pay
T000854,v_lon,2026-04-11 21:20:55,16.37,apple_pay
T002082,v_hel,2026-04-10 21:35:47,19.63,card
T000303,v_sto,2026-04-08 12:46:40,29.61,card
T001806,v_mad,2026-04-14 23:16:40,20.48,card
T000874,v_lon,2026-04-13 20:28:30,50.34,card
T000762,v_lon,2026-04-12 10:20:14,61.10,card
T000750,v_lon,2026-04-10 17:43:25,33.35,apple_pay
T000542,v_lon,2026-04-08 21:50:44,31.44,apple_pay
T002132,v_hel,2026-04-13 18:28:25,29.32,card
T000449,v_lon,2026-04-10 22:32:10,52.60,cash
T000305,v_sto,2026-04-12 17:38:08,16.40,apple_pay
T000145,v_sto,2026-04-10 01:39:40,42.83,card
T000791,v_lon,2026-04-08 21:59:31,104.08,cash
T001593,v_mad,2026-04-08 21:41:01,16.40,card
T001626,v_mad,2026-04-15 22:12:26,13.71,card
T001938,v_hel,2026-04-08 03:45:08,19.57,card
T001528,v_mad,2026-04-14 19:47:51,39.48,card
T001774,v_mad,2026-04-10 22:51:06,28.02,apple_pay
T002180,v_hel,2026-04-08 14:16:20,17.81,cash
T000966,v_ber,2026-04-08 10:19:36,26.55,cash
T000552,v_lon,2026-04-14 23:49:15,27.37,cash
T002263,v_hel,2026-04-12 21:58:51,32.24,card
T002345,v_hel,2026-04-08 00:30:54,67.42,card
T001639,v_mad,2026-04-09 03:11:45,26.83,card
T001102,v_ber,2026-04-10 21:03:51,9.37,card
T000190,v_sto,2026-04-10 12:15:26,46.69,card
T000632,v_lon,2026-04-14 18:04:24,53.12,swish
T000744,v_lon,2026-04-07 09:15:31,15.75,cash
T001182,v_ber,2026-04-15 14:56:53,19.55,card
T001165,v_ber,2026-04-12 02:03:50,63.38,cash
T001924,v_hel,2026-04-10 20:27:03,17.74,card
T002151,v_hel,2026-04-14 22:54:10,13.43,apple_pay
T000137,v_sto,2026-04-13 12:54:52,25.53,cash
T000919,v_ber,2026-04-14 10:33:01,26.16,card
T000173,v_sto,2026-04-14 23:23:23,68.07,apple_pay
T001329,v_ber,2026-04-16 14:53:25,43.17,cash
T001084,v_ber,2026-04-17 01:55:21,63.12,apple_pay
T000672,v_lon,2026-04-10 19:00:07,25.69,cash
T001755,v_mad,2026-04-13 21:25:38,28.28,apple_pay
T000237,v_sto,2026-04-15 12:29:58,32.75,cash
T001376,v_mad,2026-04-15 20:13:24,46.54,swish
T000208,v_sto,2026-04-11 19:39:18,19.78,card
T002102,v_hel,2026-04-16 22:58:31,41.91,apple_pay
T000287,v_sto,2026-04-12 13:05:23,83.16,card
T001058,v_ber,2026-04-12 18:33:50,55.94,card
T000349,v_sto,2026-04-08 05:37:46,23.16,card
T001526,v_mad,2026-04-11 22:02:48,12.15,card
T001449,v_mad,2026-04-11 21:02:44,42.06,card
T001230,v_ber,2026-04-14 19:40:28,44.56,card
T000666,v_lon,2026-04-12 18:49:19,5.00,apple_pay
T001057,v_ber,2026-04-13 05:15:59,17.29,card
T001922,v_hel,2026-04-09 18:55:23,21.00,cash
T001845,v_hel,2026-04-14 20:56:13,27.82,card
T000505,v_lon,2026-04-15 14:09:19,111.06,card
T001678,v_mad,2026-04-12 08:26:56,20.71,card
T001114,v_ber,2026-04-15 05:25:35,31.18,apple_pay
T001395,v_mad,2026-04-10 00:57:34,31.75,card
T001014,v_ber,2026-04-10 21:55:15,25.05,klarna
T001657,v_mad,2026-04-12 18:58:13,15.76,card
T000294,v_sto,2026-04-09 18:32:47,18.78,card
T001195,v_ber,2026-04-15 23:15:13,44.46,card
T000968,v_ber,2026-04-15 01:53:39,28.45,apple_pay
T001967,v_hel,2026-04-13 07:32:14,76.39,card
T002317,v_hel,2026-04-16 21:23:23,8.51,apple_pay
T001707,v_mad,2026-04-09 02:14:13,18.97,card
T000262,v_sto,2026-04-13 13:28:55,67.08,card
T001233,v_ber,2026-04-08 21:26:26,10.64,card
T001866,v_hel,2026-04-12 18:06:05,14.38,klarna
T000007,v_sto,2026-04-09 00:49:18,61.02,card
T002343,v_hel,2026-04-13 08:00:07,22.60,apple_pay
T001742,v_mad,2026-04-08 19:05:48,23.11,card
T001862,v_hel,2026-04-13 16:19:05,13.21,swish
T000447,v_sto,2026-04-15 20:27:56,38.87,swish
T001473,v_mad,2026-04-16 23:36:48,8.29,apple_pay
T000683,v_lon,2026-04-14 21:57:32,15.99,card
T000589,v_lon,2026-04-10 01:04:34,28.70,apple_pay
T002266,v_hel,2026-04-12 20:06:02,29.22,apple_pay
T000168,v_sto,2026-04-12 05:30:28,65.10,cash
T002163,v_hel,2026-04-10 07:43:57,68.74,card
T001364,v_mad,2026-04-14 19:08:58,15.55,card
T000641,v_lon,2026-04-09 15:41:59,32.91,card
T001823,v_mad,2026-04-13 21:09:47,44.77,cash
T000475,v_lon,2026-04-14 22:08:31,33.58,cash
T001464,v_mad,2026-04-16 17:36:13,85.50,cash
T001325,v_ber,2026-04-15 22:13:22,83.02,cash
T001459,v_mad,2026-04-09 19:40:23,20.36,swish
T002193,v_hel,2026-04-14 12:48:20,37.50,card
T002124,v_hel,2026-04-09 22:31:17,8.04,card
T001144,v_ber,2026-04-12 13:57:11,31.85,swish
T001378,v_mad,2026-04-15 22:30:42,31.62,card
T000591,v_lon,2026-04-07 05:33:42,89.97,apple_pay
T000622,v_lon,2026-04-13 07:05:30,32.83,card
T000797,v_lon,2026-04-12 17:54:27,23.37,card
T001560,v_mad,2026-04-12 21:47:56,18.11,card
T000630,v_lon,2026-04-14 19:44:44,41.48,swish
T001022,v_ber,2026-04-13 18:30:41,31.97,card
T001985,v_hel,2026-04-10 18:05:06,47.78,card
T000061,v_sto,2026-04-16 13:39:52,51.06,apple_pay
T000901,v_lon,2026-04-09 03:51:27,101.90,card
T000604,v_lon,2026-04-12 03:02:53,39.63,card
T002042,v_hel,2026-04-10 22:15:56,11.56,cash
T000484,v_lon,2026-04-11 09:02:22,45.67,klarna
T000680,v_lon,2026-04-13 05:55:50,83.60,card
T000017,v_sto,2026-04-09 18:55:40,15.35,cash
T000256,v_sto,2026-04-10 22:55:50,12.11,apple_pay
T000371,v_sto,2026-04-10 19:26:31,16.52,card
T000378,v_sto,2026-04-17 01:09:05,26.32,card
T000366,v_sto,2026-04-07 09:02:25,11.40,card
T000872,v_lon,2026-04-09 19:00:25,17.86,cash
T002006,v_hel,2026-04-16 22:23:36,33.28,card
T000281,v_sto,2026-04-12 11:46:41,51.15,apple_pay
T000979,v_ber,2026-04-13 03:36:32,29.52,cash
T001432,v_mad,2026-04-12 20:30:29,17.86,apple_pay
T000705,v_lon,2026-04-12 23:39:32,26.29,card
T001319,v_ber,2026-04-15 14:43:28,92.60,card
T001539,v_mad,2026-04-16 18:34:56,49.27,cash
T000259,v_sto,2026-04-15 15:29:08,30.89,card
T001830,v_hel,2026-04-16 22:33:51,25.83,card
T001737,v_mad,2026-04-09 20:06:59,20.61,apple_pay
T000080,v_sto,2026-04-11 22:49:30,23.55,cash
T000617,v_lon,2026-04-10 20:50:30,51.34,swish
T000338,v_sto,2026-04-08 17:17:44,68.83,swish
T001740,v_mad,2026-04-12 18:41:18,12.60,card
T000821,v_lon,2026-04-16 10:06:52,33.00,card
T001482,v_mad,2026-04-10 12:21:24,41.40,card
T001976,v_hel,2026-04-09 14:54:33,27.35,swish
T000562,v_lon,2026-04-11 07:15:17,120.00,card
T000992,v_ber,2026-04-16 22:00:29,15.19,klarna
T000806,v_lon,2026-04-08 14:36:01,49.23,card
T001951,v_hel,2026-04-11 14:13:59,102.47,card
T001973,v_hel,2026-04-10 21:45:48,10.34,card
T000517,v_lon,2026-04-10 22:16:34,83.85,cash
T000621,v_lon,2026-04-12 19:09:03,33.13,card
T000606,v_lon,2026-04-10 18:29:51,38.95,apple_pay
T002110,v_hel,2026-04-16 18:05:19,18.19,klarna
T001990,v_hel,2026-04-15 03:15:44,22.69,apple_pay
T000098,v_sto,2026-04-14 03:44:25,86.96,card
T002027,v_hel,2026-04-10 20:01:57,29.70,card
T001597,v_mad,2026-04-15 06:06:43,10.01,cash
T000876,v_lon,2026-04-16 10:59:35,48.15,swish
T001422,v_mad,2026-04-07 15:28:23,29.08,card
T001785,v_mad,2026-04-14 08:18:54,16.95,card
T000064,v_sto,2026-04-10 13:57:34,25.42,card
T000072,v_sto,2026-04-15 02:03:22,21.02,swish
T001710,v_mad,2026-04-15 19:44:07,39.05,card
T001448,v_mad,2026-04-12 03:58:16,30.10,card
T000967,v_ber,2026-04-10 19:23:34,32.44,swish
T002267,v_hel,2026-04-16 03:06:05,30.45,cash
T002137,v_hel,2026-04-15 21:27:45,26.78,card
T000040,v_sto,2026-04-12 07:32:31,23.84,swish
T000983,v_ber,2026-04-12 16:17:07,45.01,card
T001646,v_mad,2026-04-08 20:59:18,6.79,cash
T001975,v_hel,2026-04-15 20:26:19,17.46,card
T002200,v_hel,2026-04-07 20:52:40,7.69,apple_pay
T001859,v_hel,2026-04-10 21:30:17,19.71,card
T001761,v_mad,2026-04-07 21:26:11,47.05,card
T001338,v_ber,2026-04-16 18:14:52,10.97,card
T000898,v_lon,2026-04-16 03:51:41,8.25,apple_pay
T000393,v_sto,2026-04-09 12:58:51,55.28,card
T001158,v_ber,2026-04-15 19:21:23,47.23,apple_pay
T000535,v_lon,2026-04-16 18:57:49,43.74,card
T001143,v_ber,2026-04-09 16:00:09,46.19,card
T001630,v_mad,2026-04-15 19:29:17,32.96,cash
T002335,v_hel,2026-04-16 23:11:24,16.14,card
T000794,v_lon,2026-04-10 15:20:03,35.25,cash
T000733,v_lon,2026-04-08 20:49:27,60.08,apple_pay
T001547,v_mad,2026-04-15 20:59:39,10.39,card
T000417,v_sto,2026-04-16 18:59:06,32.62,card
T000729,v_lon,2026-04-12 18:53:04,12.71,card
T002338,v_hel,2026-04-08 02:43:46,18.41,card
T000826,v_lon,2026-04-07 03:07:24,15.66,card
T000800,v_lon,2026-04-14 23:04:59,12.99,swish
T000707,v_lon,2026-04-13 21:40:20,46.03,card
T002276,v_hel,2026-04-10 23:13:44,22.10,card
T000436,v_sto,2026-04-16 20:46:45,14.65,apple_pay
T001207,v_ber,2026-04-15 01:05:19,11.99,card
T001853,v_hel,2026-04-11 06:05:39,23.83,card
T000027,v_sto,2026-04-09 02:21:51,53.48,card
T001367,v_mad,2026-04-15 00:29:02,88.02,apple_pay
T002153,v_hel,2026-04-16 22:56:49,83.68,klarna
T000306,v_sto,2026-04-14 13:20:18,64.69,swish
T000030,v_sto,2026-04-10 18:10:24,11.25,swish
T000485,v_lon,2026-04-15 22:24:15,32.00,apple_pay
T001842,v_hel,2026-04-16 21:24:19,24.04,card
T002009,v_hel,2026-04-11 22:48:38,74.65,apple_pay
T001637,v_mad,2026-04-10 23:53:11,45.25,card
T000218,v_sto,2026-04-16 14:02:52,20.97,cash
T002283,v_hel,2026-04-10 22:54:18,13.88,swish
T000971,v_ber,2026-04-11 19:39:32,67.15,apple_pay
T000486,v_lon,2026-04-07 21:26:50,68.89,cash
T001632,v_mad,2026-04-12 19:04:43,20.94,klarna
T001897,v_hel,2026-04-08 23:09:21,32.50,swish
T001403,v_mad,2026-04-10 02:16:39,21.24,cash
T000989,v_ber,2026-04-16 03:58:02,7.86,apple_pay
T002353,v_hel,2026-04-15 12:30:25,11.54,apple_pay
T000085,v_sto,2026-04-10 14:23:30,33.08,swish
T000390,v_sto,2026-04-09 09:20:51,46.86,cash
T001138,v_ber,2026-04-12 23:58:43,15.63,apple_pay
T001174,v_ber,2026-04-13 20:55:40,42.96,apple_pay
T001913,v_hel,2026-04-08 12:41:58,55.86,cash
T001959,v_hel,2026-04-07 18:55:51,40.19,card
T001401,v_mad,2026-04-10 12:31:52,14.22,card
T000454,v_lon,2026-04-10 21:21:15,38.08,card
T000214,v_sto,2026-04-15 19:49:08,12.12,card
T001066,v_ber,2026-04-11 19:35:46,16.00,card
T001699,v_mad,2026-04-07 04:47:36,11.81,swish
T000518,v_lon,2026-04-09 12:57:49,63.72,card
T001617,v_mad,2026-04-13 19:54:31,57.06,cash
T001746,v_mad,2026-04-10 18:14:48,20.54,klarna
T001531,v_mad,2026-04-09 23:37:54,30.08,card
T002259,v_hel,2026-04-07 09:42:39,20.76,card
T001757,v_mad,2026-04-11 20:28:24,13.95,cash
T000126,v_sto,2026-04-10 19:40:06,118.03,card
T001450,v_mad,2026-04-16 21:38:40,28.08,apple_pay
T002074,v_hel,2026-04-08 22:30:35,12.86,card
T000820,v_lon,2026-04-08 07:37:22,8.81,apple_pay
T000813,v_lon,2026-04-15 22:44:48,55.97,swish
T000081,v_sto,2026-04-12 18:17:56,23.68,cash
T000940,v_ber,2026-04-15 22:21:48,35.45,klarna
T000286,v_sto,2026-04-09 03:33:09,13.24,card
T002340,v_hel,2026-04-11 19:27:56,5.00,cash
T001510,v_mad,2026-04-12 20:32:34,31.55,card
T000065,v_sto,2026-04-13 17:29:26,16.86,swish
T000243,v_sto,2026-04-15 10:03:06,20.76,card
T001445,v_mad,2026-04-11 22:57:27,37.46,klarna
T001581,v_mad,2026-04-09 18:34:24,93.43,card
T001236,v_ber,2026-04-08 23:05:41,41.59,cash
T001878,v_hel,2026-04-11 16:29:42,66.17,apple_pay
T002219,v_hel,2026-04-09 23:01:25,53.59,card
T000342,v_sto,2026-04-09 15:27:12,57.89,klarna
T002039,v_hel,2026-04-09 18:00:53,28.35,cash
T000648,v_lon,2026-04-10 18:11:59,79.44,cash
T001654,v_mad,2026-04-11 18:33:53,17.11,swish
T000544,v_lon,2026-04-10 14:02:46,39.92,apple_pay
T000058,v_sto,2026-04-16 08:31:25,12.27,card
T001327,v_ber,2026-04-09 14:19:59,6.57,cash
T002222,v_hel,2026-04-07 22:53:40,72.34,swish
T001949,v_hel,2026-04-15 22:57:58,34.98,card
T002139,v_hel,2026-04-09 21:59:16,27.44,card
T000219,v_sto,2026-04-16 21:56:40,34.95,card
T002092,v_hel,2026-04-15 10:25:03,32.25,card
T001099,v_ber,2026-04-07 21:20:09,51.48,card
T001964,v_hel,2026-04-11 18:20:24,27.81,card
T000817,v_lon,2026-04-13 18:04:01,116.81,card
T000423,v_sto,2026-04-14 20:52:03,30.66,card
T001310,v_ber,2026-04-14 16:29:01,42.63,card
T002016,v_hel,2026-04-10 19:20:42,249.55,cash
T001968,v_hel,2026-04-11 22:24:46,35.15,card
T000592,v_lon,2026-04-11 19:40:46,31.03,cash
T002216,v_hel,2026-04-11 19:16:24,5.52,klarna
T000947,v_ber,2026-04-15 17:33:49,25.27,card
T000842,v_lon,2026-04-10 22:05:58,167.96,card
T001770,v_mad,2026-04-13 22:34:02,31.71,card
T000620,v_lon,2026-04-07 21:03:19,31.32,cash
T001033,v_ber,2026-04-14 09:19:37,8.51,card
T001246,v_ber,2026-04-14 20:11:15,37.96,card
T001977,v_hel,2026-04-11 03:52:24,24.44,apple_pay
T001043,v_ber,2026-04-14 18:05:35,57.95,card
T002268,v_hel,2026-04-07 07:45:28,37.80,apple_pay
T000565,v_lon,2026-04-15 16:12:09,119.02,card
T000831,v_lon,2026-04-16 21:22:30,13.80,card
T001840,v_hel,2026-04-16 21:48:16,31.46,cash
T001170,v_ber,2026-04-11 20:55:50,8.08,cash
T001266,v_ber,2026-04-11 15:28:10,40.41,card
T000721,v_lon,2026-04-14 12:16:50,47.91,apple_pay
T001146,v_ber,2026-04-09 17:21:57,29.23,apple_pay
T000523,v_lon,2026-04-16 19:24:41,21.06,klarna
T001585,v_mad,2026-04-16 06:32:08,46.02,cash
T000629,v_lon,2026-04-07 14:34:13,14.23,card
T002247,v_hel,2026-04-14 23:58:35,98.06,klarna
T002290,v_hel,2026-04-11 10:56:57,14.21,card
T001134,v_ber,2026-04-08 05:05:47,29.75,cash
T001463,v_mad,2026-04-12 14:33:28,106.22,card
T001152,v_ber,2026-04-08 22:39:11,35.98,card
T002037,v_hel,2026-04-16 00:27:17,22.83,card
T001829,v_hel,2026-04-13 03:22:14,21.30,card
T001466,v_mad,,85.65,cash
T002287,v_hel,2026-04-16 19:14:50,18.19,card
T001618,v_mad,2026-04-10 13:06:58,62.83,card
T002017,v_hel,2026-04-15 09:48:01,17.57,apple_pay
T000129,v_sto,2026-04-11 21:51:18,46.94,card
T000624,v_lon,2026-04-14 17:12:35,50.81,card
T001209,v_ber,2026-04-15 03:01:37,59.20,klarna
T000867,v_lon,2026-04-14 16:59:58,,apple_pay
T002254,v_hel,2026-04-14 10:56:32,34.14,apple_pay
T001816,v_mad,2026-04-11 03:59:47,39.77,klarna
T000293,v_sto,2026-04-13 20:10:36,8.29,card
T000974,v_ber,2026-04-07 21:35:57,47.60,card
T001991,v_hel,2026-04-11 22:07:46,126.01,card
T000550,v_lon,2026-04-13 20:11:26,30.51,cash
T000912,v_ber,2026-04-16 20:39:52,73.07,cash
T000047,v_sto,2026-04-11 19:14:01,41.29,card
T001245,v_ber,2026-04-16 09:45:34,17.34,card
T001342,v_ber,2026-04-09 07:59:48,150.28,card
T000280,v_sto,2026-04-10 13:36:53,15.21,swish
T001588,v_mad,2026-04-09 13:42:09,128.91,card
T001351,v_mad,2026-04-14 05:20:22,92.17,swish
T000019,v_sto,2026-04-12 20:15:03,14.61,card
T002235,v_hel,2026-04-15 23:50:39,56.70,card
T001544,v_mad,2026-04-14 03:31:00,28.76,card
T001619,v_mad,2026-04-14 21:12:16,68.85,card
T002097,v_hel,2026-04-12 19:50:36,75.95,card
T000458,v_lon,2026-04-14 23:56:46,15.89,swish
T000668,v_lon,2026-04-15 15:44:13,34.89,apple_pay
T000704,v_lon,2026-04-12 14:19:58,76.94,swish
T000333,v_sto,2026-04-07 16:55:52,7.95,apple_pay
T002307,v_hel,2026-04-07 18:08:02,11.75,card
T002115,v_hel,2026-04-12 22:48:28,57.32,cash
T001872,v_hel,2026-04-15 03:44:18,57.44,apple_pay
T001264,v_ber,2026-04-15 11:45:38,48.63,cash
T000631,v_lon,2026-04-16 00:03:18,9.18,card
T002041,v_hel,2026-04-12 21:50:46,44.71,apple_pay
T001725,v_mad,2026-04-11 13:51:44,60.02,swish
T000663,v_lon,2026-04-15 14:35:52,8.87,card
T002314,v_hel,2026-04-07 14:34:52,14.77,card
T002093,v_hel,2026-04-08 19:04:29,39.73,apple_pay
T001178,v_ber,2026-04-08 08:15:29,10.88,apple_pay
T000725,v_lon,2026-04-15 11:30:16,24.78,swish
T002313,v_hel,2026-04-08 21:55:38,278.52,card
T001701,v_mad,2026-04-13 16:08:22,54.00,card
T000788,v_lon,2026-04-09 13:10:39,113.06,cash
T001437,v_mad,2026-04-12 21:59:16,36.82,card
T001550,v_mad,2026-04-09 14:22:53,51.23,card
T000755,v_lon,2026-04-09 07:33:28,5.45,cash
T001782,v_mad,2026-04-08 20:15:38,10.76,klarna
T000801,v_lon,2026-04-13 08:45:36,42.79,card
T000309,v_sto,2026-04-10 16:53:44,88.65,card
T000035,v_sto,2026-04-16 20:59:16,8.58,card
T001812,v_mad,2026-04-14 13:30:45,15.86,cash
T002108,v_hel,2026-04-08 22:20:07,27.88,klarna
T000717,v_lon,2026-04-11 12:44:59,35.51,apple_pay
T000613,v_lon,2026-04-12 23:25:00,38.08,swish
T001109,v_ber,2026-04-12 23:03:07,38.75,card
T000506,v_lon,2026-04-07 22:09:07,8.28,card
T001318,v_ber,2026-04-14 15:19:25,29.29,card
T001093,v_ber,2026-04-14 23:42:08,119.88,card
T001187,v_ber,2026-04-12 20:58:31,109.26,card
T000859,v_lon,2026-04-08 17:53:08,14.33,cash
T001216,v_ber,2026-04-14 19:07:36,29.34,card
T001820,v_mad,2026-04-09 03:51:31,16.50,card
T000227,v_sto,2026-04-13 13:03:36,33.71,card
T001031,v_ber,2026-04-11 18:29:03,13.95,apple_pay
T000944,v_ber,2026-04-15 19:22:19,9.02,apple_pay
T001676,v_mad,2026-04-12 11:40:46,25.52,apple_pay
T001649,v_mad,2026-04-09 11:12:50,25.08,swish
T000911,v_ber,2026-04-08 00:00:10,42.43,card
T001243,v_ber,2026-04-09 22:50:25,90.61,card
T000957,v_ber,2026-04-11 18:41:35,36.91,swish
T001971,v_hel,2026-04-08 20:53:33,10.86,cash
T001273,v_ber,2026-04-07 10:07:03,17.67,apple_pay
T001530,v_mad,2026-04-11 14:47:55,81.77,cash
T001868,v_hel,2026-04-12 18:02:10,60.67,card
T000546,v_lon,2026-04-15 12:50:38,31.29,cash
T001684,v_mad,2026-04-16 21:36:50,45.90,card
T002085,v_hel,2026-04-07 03:58:23,15.49,apple_pay
T001071,v_ber,2026-04-12 18:44:42,38.00,card
T001596,v_mad,2026-04-09 22:33:03,52.82,card
T001496,v_mad,2026-04-11 18:53:58,27.41,card
T000013,v_sto,2026-04-16 15:08:32,29.06,klarna
T000343,v_sto,2026-04-11 03:16:05,6.06,card
T001662,v_mad,2026-04-11 21:02:44,43.36,apple_pay
T001998,v_hel,2026-04-13 23:33:44,16.88,swish
T001824,v_hel,2026-04-15 12:31:32,70.78,cash
T000866,v_lon,2026-04-11 20:57:51,48.40,card
T000089,v_sto,2026-04-15 03:03:35,58.61,card
T001333,v_ber,2026-04-15 07:31:28,39.59,apple_pay
T000195,v_sto,2026-04-10 18:49:37,45.80,card
T002282,v_hel,2026-04-07 19:30:32,12.51,apple_pay
T001010,v_ber,2026-04-12 11:55:08,53.90,card
T000988,v_ber,2026-04-07 22:50:15,55.14,cash
T002331,v_hel,2026-04-10 19:05:11,22.25,cash
T001681,v_mad,2026-04-14 21:23:41,20.48,card
T000667,v_lon,2026-04-13 18:18:30,7.13,card
T000977,v_ber,2026-04-07 20:12:05,82.65,apple_pay
T001083,v_ber,2026-04-12 20:20:52,18.39,card
T000130,v_sto,2026-04-08 06:55:43,13.89,card
T001229,v_ber,2026-04-14 21:55:20,23.73,card
T000945,v_ber,2026-04-09 22:47:15,11.25,card
T000383,v_sto,2026-04-15 02:27:11,5.00,card
T001692,v_mad,2026-04-07 08:30:24,26.63,cash
T000459,v_lon,2026-04-11 21:51:26,72.34,card
T001041,v_ber,2026-04-16 00:04:40,76.28,card
T001108,v_ber,2026-04-07 14:06:43,38.87,card
T001814,v_mad,2026-04-16 22:36:26,37.33,card
T000204,v_sto,2026-04-09 23:54:38,43.90,card
T000313,v_sto,2026-04-17 02:43:41,18.43,swish
T002157,v_hel,2026-04-16 23:28:59,49.75,card
T000463,v_lon,2026-04-13 02:33:49,86.52,card
T000412,v_sto,2026-04-14 19:30:19,50.30,swish
T001727,v_mad,2026-04-12 21:50:17,35.07,card
T001417,v_mad,2026-04-14 02:53:34,34.80,apple_pay
T001360,v_mad,2026-04-12 22:48:57,9.55,card
T000318,v_sto,2026-04-12 02:07:01,98.73,cash
T001728,v_mad,2026-04-10 20:50:40,79.89,apple_pay
T002164,v_hel,2026-04-13 13:37:51,106.07,cash
T001570,v_mad,2026-04-15 12:20:55,22.49,card
T000223,v_sto,2026-04-07 13:55:39,19.26,swish
T001789,v_mad,2026-04-14 02:57:44,21.22,card
T001131,v_ber,2026-04-13 20:03:58,41.81,cash
T000889,v_lon,2026-04-16 20:33:20,27.35,apple_pay
T000508,v_lon,2026-04-15 06:14:39,49.41,card
T000215,v_sto,2026-04-08 20:10:10,14.42,card
T000932,v_ber,2026-04-09 03:45:48,22.78,card
T002056,v_hel,2026-04-13 19:23:03,223.22,cash
T001610,v_mad,2026-04-16 14:55:59,37.01,card
T002284,v_hel,2026-04-11 01:31:29,11.35,card
T001111,v_ber,2026-04-08 21:17:40,40.12,card
T001293,v_ber,2026-04-07 20:53:14,31.11,card
T000234,v_sto,2026-04-16 18:37:30,10.33,cash
T001301,v_ber,2026-04-14 22:18:39,32.61,card
T000689,v_lon,2026-04-12 14:51:18,33.40,card
T001892,v_hel,2026-04-11 16:13:46,19.18,swish
T000171,v_sto,2026-04-07 17:41:12,19.93,card
T000835,v_lon,2026-04-14 22:21:51,77.78,swish
T000991,v_ber,2026-04-07 20:54:24,22.04,card
T000440,v_sto,2026-04-11 21:54:07,23.02,cash
T000418,v_sto,2026-04-15 21:16:24,46.32,card
T001379,v_mad,2026-04-16 12:21:15,18.72,swish
T001928,v_hel,2026-04-14 18:49:15,39.83,swish
T001514,v_mad,2026-04-08 21:01:20,35.14,cash
T001028,v_ber,2026-04-16 21:13:25,12.77,card
T000424,v_sto,2026-04-15 17:56:36,17.25,swish
T001987,v_hel,2026-04-10 04:14:02,109.39,cash
T001567,v_mad,2026-04-13 21:36:18,26.66,card
T001904,v_hel,2026-04-12 11:18:02,16.67,card
T000500,v_lon,2026-04-09 00:50:16,35.35,card
T001799,v_mad,2026-04-11 16:02:55,21.01,card
T000937,v_ber,2026-04-15 19:44:25,27.66,cash
T000336,v_sto,2026-04-08 08:58:03,10.59,apple_pay
T000886,v_lon,2026-04-12 04:37:11,16.80,swish
T002230,v_hel,2026-04-08 19:18:00,67.19,card
T001876,v_hel,2026-04-10 21:26:07,64.25,card
T002269,v_hel,2026-04-09 21:45:39,24.51,apple_pay
T000924,v_ber,2026-04-09 06:38:31,13.20,swish
T000123,v_sto,2026-04-13 21:54:19,16.68,card
T001655,v_mad,2026-04-15 07:47:03,31.33,card
T002118,v_hel,2026-04-15 22:08:59,16.65,card
T001157,v_ber,2026-04-08 16:31:23,23.98,cash
T001352,v_mad,2026-04-09 21:42:07,36.77,swish
T000351,v_sto,2026-04-10 20:41:03,156.62,card
T001262,v_ber,2026-04-11 02:23:23,16.11,card
T000856,v_lon,2026-04-11 22:27:27,36.03,card
T000332,v_sto,2026-04-14 21:06:47,147.71,card
T001412,v_mad,2026-04-12 22:04:41,58.73,apple_pay
T001843,v_hel,2026-04-07 10:28:55,47.06,card
T000728,v_lon,2026-04-10 22:49:12,32.32,swish
T001831,v_hel,2026-04-09 03:16:05,31.25,card
T001127,v_ber,2026-04-10 12:50:59,11.55,klarna
T001981,v_hel,2026-04-10 20:15:35,49.10,apple_pay
T001085,v_ber,2026-04-10 00:55:33,12.44,apple_pay
T001559,v_mad,2026-04-11 20:44:01,131.83,apple_pay
T000554,v_lon,2026-04-12 18:44:53,20.13,card
T002083,v_hel,2026-04-15 21:24:37,49.89,card
T000669,v_lon,2026-04-15 23:46:44,54.34,apple_pay
T001972,v_hel,2026-04-07 14:16:54,43.94,card
T001294,v_ber,2026-04-08 03:28:31,17.01,card
T000659,v_lon,2026-04-09 06:11:49,46.52,card
T000008,v_sto,2026-04-12 07:13:42,47.28,card
T001494,v_mad,2026-04-15 18:04:20,25.08,swish
T000387,v_sto,2026-04-12 22:20:24,33.83,apple_pay
T000812,v_lon,2026-04-08 10:53:12,66.96,apple_pay
T001115,v_ber,2026-04-15 18:48:48,10.72,card
T000397,v_sto,2026-04-09 14:44:18,142.36,swish
T000690,v_lon,2026-04-12 18:08:01,26.92,card
T002190,v_hel,2026-04-09 20:44:18,12.36,card
T000331,v_sto,2026-04-15 03:17:49,36.92,apple_pay
T000403,v_sto,2026-04-08 14:57:30,46.20,cash
T000713,v_lon,2026-04-14 18:37:30,53.78,klarna
T000012,v_sto,2026-04-09 12:47:35,36.10,card
T000128,v_sto,2026-04-09 09:56:23,46.04,apple_pay
T002301,v_hel,2026-04-12 21:34:48,76.39,card
T001447,v_mad,2026-04-10 15:59:47,24.38,cash
T000345,v_sto,2026-04-15 18:00:44,24.23,klarna
T002288,v_hel,2026-04-07 18:36:02,148.12,apple_pay
T001744,v_mad,2026-04-09 18:52:13,27.97,swish
T000840,v_lon,2026-04-16 20:20:03,55.85,apple_pay
T000865,v_lon,2026-04-07 18:44:58,47.34,cash
T000885,v_lon,2026-04-16 18:00:16,30.27,swish
T002036,v_hel,2026-04-07 19:55:37,23.43,card
T002002,v_hel,2026-04-13 19:27:36,8.53,card
T000041,v_sto,2026-04-09 22:45:27,32.58,swish
T001126,v_ber,2026-04-08 13:49:17,22.19,swish
T000228,v_sto,2026-04-13 22:17:52,16.12,card
T000408,v_sto,2026-04-14 20:05:41,32.02,klarna
T001431,v_mad,2026-04-12 19:09:18,31.07,cash
T002279,v_hel,2026-04-15 12:58:23,42.09,card
T000330,v_sto,2026-04-10 19:49:29,42.43,card
T001335,v_ber,2026-04-12 09:31:12,75.97,card
T000198,v_sto,2026-04-12 22:25:52,32.15,apple_pay
T001079,v_ber,2026-04-13 17:06:55,35.85,card
T001415,v_mad,2026-04-12 02:49:44,19.77,card
T001179,v_ber,2026-04-07 21:24:01,53.39,card
T000569,v_lon,2026-04-13 00:22:55,51.83,cash
T001256,v_ber,2026-04-13 21:59:12,20.64,apple_pay
T001217,v_ber,2026-04-13 19:28:23,31.22,card
T002011,v_hel,2026-04-16 11:36:06,10.14,klarna
T001205,v_ber,2026-04-11 05:04:13,48.43,card
T000833,v_lon,2026-04-07 23:38:43,22.27,cash
T002344,v_hel,2026-04-12 21:59:34,19.06,cash
T000915,v_ber,2026-04-09 18:07:10,26.41,card
T002220,v_hel,2026-04-15 22:35:59,20.02,card
T000965,v_ber,2026-04-15 02:14:58,56.58,swish
T000185,v_sto,2026-04-08 22:54:07,10.09,card
T000230,v_sto,2026-04-12 22:29:09,39.04,card
T001434,v_mad,2026-04-07 12:12:44,12.19,card
T002305,v_hel,2026-04-10 06:03:16,15.13,swish
T001047,v_ber,2026-04-08 16:28:03,33.96,card
T001867,v_hel,2026-04-09 23:30:11,13.59,apple_pay
T001501,v_mad,2026-04-12 11:46:45,38.27,card
T002088,v_hel,2026-04-09 09:29:22,27.95,card
T001599,v_mad,2026-04-15 23:29:20,33.06,swish
T000445,v_sto,2026-04-15 05:40:46,11.21,card
T001090,v_ber,2026-04-15 23:10:57,27.89,cash
T000519,v_lon,2026-04-15 21:23:32,74.59,card
T001253,v_ber,2026-04-16 02:48:09,17.55,klarna
T001792,v_mad,2026-04-14 22:23:35,22.11,apple_pay
T000583,v_lon,2026-04-15 15:10:45,47.84,card
T000094,v_sto,2026-04-10 05:10:00,21.06,card
T000131,v_sto,2026-04-15 03:43:47,49.37,apple_pay
T001414,v_mad,2026-04-07 22:06:32,23.65,card
T001574,v_mad,2026-04-15 01:51:26,12.95,card
T002228,v_hel,2026-04-13 15:21:01,13.72,card
T001912,v_hel,2026-04-12 15:16:10,38.47,apple_pay
T000396,v_sto,2026-04-14 19:45:35,46.75,cash
T002075,v_hel,2026-04-09 11:25:10,66.20,apple_pay
T000367,v_sto,2026-04-11 14:29:00,24.02,apple_pay
T002120,v_hel,2026-04-07 19:45:42,34.04,apple_pay
T000894,v_lon,2026-04-11 22:13:37,44.36,swish
T001465,v_mad,2026-04-11 09:35:53,44.73,cash
T000289,v_sto,2026-04-13 18:40:00,39.12,apple_pay
T002217,v_hel,2026-04-16 21:45:16,19.13,card
T000229,v_sto,2026-04-12 19:38:32,26.52,card
T000370,v_sto,2026-04-07 23:48:42,17.01,card
T001349,v_mad,2026-04-12 15:15:14,19.67,apple_pay
T001606,v_mad,2026-04-14 19:33:06,29.35,card
T000446,v_sto,2026-04-09 03:10:04,52.21,card
T000265,v_sto,2026-04-10 11:09:17,49.44,swish
T001484,v_mad,2026-04-15 21:51:05,15.04,cash
T001594,v_mad,2026-04-15 19:55:22,19.89,swish
T001221,v_ber,2026-04-08 21:49:27,17.52,card
T000244,v_sto,2026-04-10 02:59:10,5.37,klarna
T001527,v_mad,2026-04-12 20:19:45,9.78,card
T000637,v_lon,2026-04-15 12:40:16,32.88,card
T001534,v_mad,2026-04-08 20:31:29,37.78,card
T001693,v_mad,2026-04-12 22:36:11,28.13,card
T001875,v_hel,2026-04-08 02:56:07,20.28,card
T002123,v_hel,2026-04-09 10:16:04,73.38,card
T001307,v_ber,2026-04-13 20:51:37,17.94,card
T001942,v_hel,2026-04-14 19:50:26,30.17,cash
T001509,v_mad,2026-04-13 20:48:13,23.48,card
T000671,v_lon,2026-04-16 22:46:40,29.58,klarna
T001067,v_ber,2026-04-11 14:30:04,14.86,card
T000643,v_lon,2026-04-12 21:26:19,10.67,klarna
T001688,v_mad,2026-04-10 12:23:39,97.61,apple_pay
T000984,v_ber,2026-04-07 19:03:17,87.86,card
T001075,v_ber,2026-04-08 03:52:09,21.12,apple_pay
T001308,v_ber,2026-04-11 03:34:11,9.03,card
T000906,v_ber,2026-04-17 00:58:02,31.00,card
T001915,v_hel,2026-04-15 22:50:46,45.13,cash
T001030,v_ber,2026-04-10 02:38:31,67.06,card
T002209,v_hel,2026-04-10 12:56:19,54.37,apple_pay
T000364,v_sto,2026-04-13 19:59:54,63.29,card
T000796,v_lon,2026-04-15 16:20:38,278.86,swish
T001884,v_hel,2026-04-13 02:40:50,24.93,klarna
T000002,v_sto,2026-04-08 18:01:05,15.15,card
T002058,v_hel,2026-04-07 19:17:57,37.62,card
T000274,v_sto,2026-04-08 20:05:34,41.86,card
T001537,v_mad,2026-04-09 19:14:44,41.20,swish
T000626,v_lon,2026-04-12 14:01:49,27.66,card
T000634,v_lon,2026-04-15 23:57:20,28.66,card
T000798,v_lon,2026-04-12 13:55:35,50.09,apple_pay
T001945,v_hel,2026-04-14 10:02:07,80.13,card
T001101,v_ber,2026-04-16 14:44:07,5.03,cash
T002159,v_hel,2026-04-08 18:59:10,30.80,apple_pay
T000537,v_lon,2026-04-16 03:16:30,8.65,cash
T002066,v_hel,2026-04-14 21:54:35,17.47,apple_pay
T001993,v_hel,2026-04-15 22:18:06,31.88,card
T001807,v_mad,2026-04-15 11:58:15,33.88,card
T001194,v_ber,2026-04-09 01:23:54,13.44,apple_pay
T001564,v_mad,2026-04-12 18:36:05,36.25,apple_pay
T001819,v_mad,2026-04-07 20:48:14,22.09,card
T000018,v_sto,2026-04-09 12:34:49,37.85,card
T000611,v_lon,2026-04-12 22:38:28,60.70,cash
T000823,v_lon,2026-04-10 21:23:44,36.33,swish
T001833,v_hel,2026-04-08 10:39:03,44.84,klarna
T001098,v_ber,2026-04-13 13:51:43,48.51,card
T000855,v_lon,2026-04-09 10:25:15,16.89,card
T001113,v_ber,2026-04-08 19:24:30,22.75,card
T000892,v_lon,2026-04-08 23:02:28,16.59,card
T001697,v_mad,2026-04-11 07:33:57,79.82,swish
T001974,v_hel,2026-04-10 05:09:44,20.67,apple_pay
T001604,v_mad,2026-04-16 21:19:52,28.28,swish
T001457,v_mad,2026-04-07 14:22:07,19.30,apple_pay
T000231,v_sto,2026-04-16 13:39:47,82.59,cash
T001358,v_mad,2026-04-07 14:24:31,11.77,card
T001048,v_ber,2026-04-10 20:58:15,99.87,card
T001969,v_hel,2026-04-13 22:35:29,58.29,card
T001535,v_mad,2026-04-15 19:23:42,90.31,card
T000763,v_lon,2026-04-14 18:56:27,27.47,card
T002023,v_hel,2026-04-15 16:58:56,25.32,card
T001882,v_hel,2026-04-15 13:56:33,38.08,swish
T002310,v_hel,2026-04-12 21:16:25,9.55,apple_pay
T000194,v_sto,2026-04-15 01:23:16,47.62,card
T002112,v_hel,2026-04-08 11:05:38,17.70,card
T000363,v_sto,2026-04-10 18:02:54,53.42,card
T001921,v_hel,2026-04-09 23:07:36,25.62,card
T001926,v_hel,2026-04-11 05:30:50,42.04,card
T001890,v_hel,2026-04-10 21:35:46,19.08,card
T000322,v_sto,2026-04-08 22:11:23,20.41,card
T001443,v_mad,2026-04-12 14:20:33,8.31,card
T000460,v_lon,2026-04-07 23:06:26,77.93,cash
T001095,v_ber,2026-04-13 22:54:27,48.34,card
T002171,v_hel,2026-04-09 23:45:26,16.49,apple_pay
T002050,v_hel,2026-04-16 18:41:05,18.67,cash
T000090,v_sto,2026-04-07 21:30:28,29.31,apple_pay
T001885,v_hel,2026-04-16 11:53:37,19.08,klarna
T002257,v_hel,2026-04-08 17:05:39,61.95,card
T001103,v_ber,2026-04-10 18:59:55,44.29,apple_pay
T002174,v_hel,2026-04-16 03:41:02,131.60,card
T000457,v_lon,2026-04-08 03:00:54,8.76,card
T000220,v_sto,2026-04-10 21:19:29,26.06,card
T001483,v_mad,2026-04-13 21:02:16,77.74,card
T000420,v_sto,2026-04-12 18:47:30,21.60,card
T000399,v_sto,2026-04-11 05:22:16,102.92,card
T000199,v_sto,2026-04-10 12:55:41,23.82,card
T001893,v_hel,2026-04-11 23:04:09,152.79,swish
T001129,v_ber,2026-04-11 18:10:20,72.21,card
T001370,v_mad,2026-04-16 19:07:41,84.09,card
T001775,v_mad,2026-04-11 11:19:52,11.43,swish
T000056,v_sto,2026-04-09 20:32:42,38.14,apple_pay
T001054,v_ber,2026-04-12 23:04:21,26.46,apple_pay
T001277,v_ber,2026-04-11 20:35:53,111.74,apple_pay
T001937,v_hel,2026-04-08 03:14:26,52.19,card
T001359,v_mad,2026-04-10 06:42:27,33.65,card
T000687,v_lon,2026-04-10 07:34:20,81.23,card
T000156,v_sto,2026-04-14 13:19:46,80.78,card
T000773,v_lon,2026-04-14 19:55:45,17.47,card
T002268,v_hel,2026-04-07 07:45:28,37.80,apple_pay
T000088,v_sto,2026-04-15 18:53:12,20.46,card
T001889,v_hel,2026-04-07 22:13:34,39.37,card
T001565,v_mad,2026-04-08 21:39:41,52.71,card
T001361,v_mad,2026-04-16 10:21:46,60.33,card
T002203,v_hel,2026-04-14 14:39:48,53.42,apple_pay
T001481,v_mad,2026-04-07 21:58:04,36.75,card
T001917,v_hel,2026-04-13 23:58:37,21.36,klarna
T000353,v_sto,2026-04-13 22:26:23,32.09,card
T002359,v_ams,2026-04-08 18:34:03,12.60,card
T001323,v_ber,2026-04-16 14:41:57,42.14,swish
T001899,v_hel,2026-04-13 10:39:40,28.59,apple_pay
T001475,v_mad,2026-04-15 00:12:56,16.99,card
T001369,v_mad,2026-04-14 07:16:55,29.76,card
T000949,v_ber,2026-04-14 03:44:13,28.39,card
T000501,v_lon,2026-04-11 16:40:25,27.64,cash
T000893,v_lon,2026-04-14 03:07:22,18.92,cash
T000477,v_lon,2026-04-12 21:26:38,84.25,card
T002055,v_hel,2026-04-09 14:12:31,38.61,cash
T001988,v_hel,2026-04-12 23:29:32,52.33,card
T001436,v_mad,2026-04-07 20:18:52,70.98,apple_pay
T001362,v_mad,2026-04-07 22:24:46,62.18,swish
T001552,v_mad,2026-04-09 23:01:52,40.91,apple_pay
T000647,v_lon,2026-04-09 06:02:26,18.73,apple_pay
T000651,v_lon,2026-04-07 21:29:52,15.49,swish
T001212,v_ber,2026-04-12 15:21:18,9.36,card
T000311,v_sto,2026-04-14 22:32:59,38.54,card
T000087,v_sto,2026-04-12 03:12:13,44.58,cash
T000448,v_sto,2026-04-14 12:10:58,69.61,card
T000841,v_lon,2026-04-07 20:24:06,26.82,card
T001575,v_mad,2026-04-11 21:54:41,7.40,card
T000661,v_lon,2026-04-12 01:54:31,31.62,klarna
T001732,v_mad,2026-04-07 19:40:00,9.18,card
T002071,v_hel,2026-04-12 19:52:26,24.86,cash
T000586,v_lon,2026-04-16 20:01:09,9.38,card
T001214,v_ber,2026-04-09 20:35:55,17.06,card
T001821,v_mad,2026-04-10 19:57:11,60.17,card
T000323,v_sto,2026-04-14 20:38:24,41.47,card
T001486,v_mad,2026-04-07 21:27:49,11.83,apple_pay
T001173,v_ber,2026-04-11 05:34:42,43.74,apple_pay
T000756,v_lon,2026-04-07 21:39:05,60.57,card
T001340,v_ber,2026-04-11 15:34:44,92.66,swish
T000057,v_sto,2026-04-10 19:51:12,54.23,klarna
T000275,v_sto,2026-04-16 18:12:51,93.79,cash
T001239,v_ber,2026-04-14 17:45:50,24.71,card
T001963,v_hel,2026-04-15 21:33:58,43.82,apple_pay
T002014,v_hel,2026-04-13 18:35:30,9.48,card
T000172,v_sto,2026-04-07 20:45:05,30.20,card
T001112,v_ber,2026-04-08 03:01:37,36.83,card
T001733,v_mad,2026-04-09 20:31:20,39.35,apple_pay
T000818,v_lon,2026-04-09 02:32:37,21.84,cash
T000165,v_sto,2026-04-12 14:52:09,20.70,card
T000857,v_lon,2026-04-10 01:42:35,88.63,card
T000036,v_sto,2026-04-13 04:29:20,32.63,cash
T000315,v_sto,2026-04-16 11:25:29,66.43,cash
T001162,v_ber,2026-04-14 23:34:46,18.62,card
T002249,v_hel,2026-04-09 21:15:05,14.13,card
T001714,v_mad,2026-04-16 21:05:43,91.81,card
T002350,v_hel,2026-04-12 19:58:15,18.25,apple_pay
T001628,v_mad,2026-04-10 13:04:44,31.63,swish
T002057,v_hel,2026-04-12 21:24:46,47.36,cash
T002334,v_hel,2026-04-09 03:00:29,55.44,card
T001020,v_ber,2026-04-11 20:12:45,34.68,klarna
T000927,v_ber,2026-04-14 11:50:22,122.51,cash
T000379,v_sto,2026-04-10 01:54:28,34.83,card
T000549,v_lon,2026-04-11 22:58:37,15.17,card
T000478,v_lon,2026-04-13 22:19:53,170.43,apple_pay
T000849,v_lon,2026-04-16 21:27:13,24.60,apple_pay
T001887,v_hel,2026-04-14 10:27:03,6.93,cash
T002169,v_hel,2026-04-15 10:56:27,16.68,card
T001225,v_ber,2026-04-14 22:13:42,53.50,card
T002348,v_hel,2026-04-16 14:09:33,44.83,apple_pay
T000429,v_sto,2026-04-07 19:41:11,33.91,card
T001348,v_mad,2026-04-15 08:07:57,126.62,card
T001300,v_ber,2026-04-14 20:18:07,92.42,apple_pay
T002015,v_hel,2026-04-13 23:41:28,18.21,cash
T000814,v_lon,2026-04-08 18:30:22,21.04,apple_pay
T001793,v_mad,2026-04-09 18:35:02,20.58,card
T001438,v_mad,2026-04-16 06:17:11,21.85,apple_pay
T001278,v_ber,2026-04-10 18:31:03,10.52,card
T000528,v_lon,2026-04-09 21:01:15,8.29,card
T001018,v_ber,2026-04-08 14:32:34,67.14,swish
T000918,v_ber,2026-04-12 01:31:32,39.75,cash
T001397,v_mad,2026-04-11 18:28:56,26.86,klarna
T001614,v_mad,2026-04-11 18:46:29,52.63,apple_pay
T000389,v_sto,2026-04-07 19:36:54,77.40,swish
T000642,v_lon,2026-04-15 18:11:20,48.34,card
T001736,v_mad,2026-04-14 01:49:58,87.45,card
T001254,v_ber,2026-04-07 12:05:46,39.04,card
T000147,v_sto,2026-04-15 19:27:28,66.44,apple_pay
T000716,v_lon,2026-04-07 22:57:30,34.26,card
T001402,v_mad,2026-04-08 23:00:27,9.26,card
T001040,v_ber,2026-04-15 03:04:48,20.50,card
T001569,v_mad,2026-04-16 06:13:19,65.98,apple_pay
T000774,v_lon,2026-04-14 18:55:40,24.38,card
T001400,v_mad,2026-04-07 18:15:08,67.49,card
T001839,v_hel,2026-04-14 21:35:34,26.78,cash
T000767,v_lon,2026-04-13 21:55:13,58.90,card
T002018,v_hel,2026-04-16 15:35:51,49.04,cash
T000341,v_sto,2026-04-15 22:54:31,75.88,card
T001648,v_mad,2026-04-14 22:53:24,37.26,card
T000043,v_sto,2026-04-07 19:43:15,40.91,cash
T000952,v_ber,2026-04-16 16:56:18,29.54,card
T001978,v_hel,2026-04-11 18:11:25,103.98,card
T000025,v_sto,2026-04-16 19:50:30,47.34,card
T000678,v_lon,2026-04-12 18:13:36,91.14,klarna
T001189,v_ber,2026-04-14 18:36:27,64.46,card
T002238,v_hel,2026-04-15 19:24:00,23.20,klarna
T001042,v_ber,2026-04-13 21:02:00,10.72,card
T001023,v_ber,2026-04-13 10:30:14,32.79,apple_pay
T002126,v_hel,2026-04-08 13:55:10,104.43,cash
T002336,v_hel,2026-04-09 18:19:49,21.82,apple_pay
T001029,v_ber,2026-04-12 21:40:57,22.60,cash
T000625,v_lon,2026-04-08 13:20:43,42.90,card
T000038,v_sto,2026-04-15 22:51:41,33.31,cash
T001708,v_mad,2026-04-10 21:38:45,17.67,cash
T002122,v_hel,2026-04-10 16:35:20,32.42,apple_pay
T000619,v_lon,2026-04-12 13:26:59,11.66,cash
T000603,v_lon,2026-04-13 08:49:35,16.81,card
T000594,v_lon,2026-04-13 01:37:07,25.43,swish
T000415,v_sto,2026-04-08 03:35:20,73.17,swish
T000401,v_sto,2026-04-08 22:41:48,39.24,card
T001673,v_mad,2026-04-13 18:54:14,31.72,apple_pay
T001106,v_ber,2026-04-16 18:54:59,47.71,card
T002028,v_hel,2026-04-10 01:56:08,94.28,card
T000004,v_sto,2026-04-09 20:17:09,7.07,card
T002248,v_hel,2026-04-12 00:31:33,240.94,cash
T001516,v_mad,2026-04-10 19:29:23,42.66,card
T000400,v_sto,2026-04-14 19:56:26,29.60,cash
T002358,v_ams,2026-04-12 10:57:24,58.57,apple_pay
T001741,v_mad,2026-04-16 02:45:08,28.40,card
T000784,v_lon,2026-04-07 14:34:59,15.25,card
T001324,v_ber,2026-04-12 23:56:46,28.52,card
T001211,v_ber,2026-04-10 19:49:45,32.24,cash
T001920,v_hel,2026-04-10 04:14:15,89.61,apple_pay
T001661,v_mad,2026-04-07 16:24:17,49.84,apple_pay
T001404,v_mad,2026-04-14 19:56:19,44.56,cash
T000657,v_lon,2026-04-14 18:33:45,15.41,cash
T001391,v_mad,2026-04-13 13:20:48,19.12,apple_pay
T002076,v_hel,2026-04-14 01:55:49,35.62,apple_pay
T000361,v_sto,2026-04-11 22:40:04,29.72,card,POS-05
T000770,v_lon,2026-04-07 16:30:51,27.83,cash,POS-06
T000232,v_sto,2026-04-15 22:19:30,54.68,cash,POS-03
T000296,v_sto,2026-04-14 11:27:11,56.66,card,POS-05
T000307,v_sto,2026-04-10 13:52:50,25.95,cash,POS-03
T002318,v_hel,2026-04-11 12:28:27,25.51,card,POS-01
T001756,v_mad,2026-04-11 00:56:00,91.25,klarna,POS-04
T000739,v_lon,2026-04-13 22:45:49,29.41,apple_pay,POS-05
T000044,v_sto,2026-04-13 23:59:59,20.57,apple_pay,POS-01
T001953,v_hel,2026-04-09 19:47:44,39.77,cash,POS-02
T000373,v_sto,2026-04-16 03:40:52,21.98,card,POS-06
T001834,v_hel,2026-04-09 13:27:57,8.35,cash,POS-04
T001142,v_ber,2026-04-09 15:06:27,29.69,cash,POS-06
T002246,v_hel,2026-04-12 15:29:10,20.08,apple_pay,POS-04
T000512,v_lon,2026-04-16 09:23:51,20.40,card,POS-05
T001873,v_hel,2026-04-12 23:18:41,45.31,apple_pay,POS-07
T002003,v_hel,2026-04-15 19:39:13,15.46,cash,POS-07
T000795,v_lon,2026-04-11 05:34:54,24.58,card,POS-01
T001009,v_ber,2026-04-16 17:15:58,13.43,apple_pay,POS-08
T002360,v_ams,2026-04-08 18:31:42,6.37,swish,POS-06
T000360,v_sto,2026-04-11 06:47:49,21.20,cash,POS-07
T000354,v_sto,2026-04-09 00:00:16,73.42,card,POS-05
T001930,v_hel,2026-04-11 22:51:19,60.42,card,POS-05
T001012,v_ber,2026-04-15 14:29:11,21.32,apple_pay,POS-05
T000225,v_sto,2026-04-10 11:03:03,15.62,apple_pay,POS-07
T002328,v_hel,2026-04-14 13:25:37,74.64,swish,POS-07
T001506,v_mad,2026-04-16 07:36:27,19.47,apple_pay,POS-08
T000652,v_lon,2026-04-07 22:48:40,16.01,apple_pay,POS-03
T001822,v_mad,2026-04-11 17:54:24,27.58,apple_pay,POS-01
T002286,v_hel,2026-04-13 05:29:34,14.83,cash,POS-02
T000727,v_lon,2026-04-11 12:16:41,36.19,cash,POS-01
T001423,v_mad,2026-04-09 18:06:35,29.51,card,POS-03
T000516,v_lon,2026-04-08 22:40:01,73.17,apple_pay,POS-05
T002326,v_hel,2026-04-10 11:12:52,18.45,card,POS-01
T001269,v_ber,2026-04-08 00:53:51,25.93,card,POS-03
T001204,v_ber,2026-04-07 21:12:17,67.29,card,POS-02
T000213,v_sto,2026-04-13 22:04:08,24.86,card,POS-03
T000722,v_lon,2026-04-07 12:09:38,14.05,apple_pay,POS-03
T000310,v_sto,2026-04-11 10:45:27,43.64,swish,POS-04
T001226,v_ber,2026-04-13 13:10:12,21.97,card,POS-08
T000462,v_lon,2026-04-09 21:07:56,26.83,card,POS-05
T001895,v_hel,2026-04-15 03:50:05,24.81,card,POS-01
T001635,v_mad,2026-04-13 09:43:37,47.39,card,POS-03
T000074,v_sto,2026-04-10 20:49:23,10.86,apple_pay,POS-07
T001421,v_mad,2026-04-14 20:48:34,48.02,cash,POS-03
T000597,v_lon,2026-04-09 20:35:50,39.15,klarna,POS-01
T000993,v_ber,2026-04-16 03:29:33,23.24,card,POS-06
T001689,v_mad,2026-04-14 12:18:19,10.06,swish,POS-02
T001768,v_mad,2026-04-14 22:55:43,31.68,cash,POS-08
T000102,v_sto,2026-04-14 23:22:26,16.35,klarna,POS-05
T001752,v_mad,2026-04-09 03:51:06,12.98,apple_pay,POS-06
T001956,v_hel,2026-04-11 14:08:52,15.27,klarna,POS-03
T000152,v_sto,2026-04-08 14:23:07,62.91,apple_pay,POS-08
T002192,v_hel,2026-04-08 07:11:48,56.12,klarna,POS-04
T002322,v_hel,2026-04-08 22:40:56,96.85,card,POS-06
T002251,v_hel,2026-04-12 23:54:29,45.46,card,POS-04
T001258,v_ber,2026-04-14 16:27:38,150.33,cash,POS-07
T001522,v_mad,2026-04-15 21:27:50,17.68,card,POS-05
T001654,v_mad,2026-04-11 18:33:53,17.11,swish,POS-03
T002073,v_hel,2026-04-08 12:02:49,21.72,cash,POS-04
T001133,v_ber,2026-04-10 12:19:26,35.74,card,POS-06
T001881,v_hel,2026-04-12 20:21:00,7.99,klarna,POS-08
T002181,v_hel,2026-04-10 02:49:30,28.45,apple_pay,POS-01
T001428,v_mad,2026-04-08 21:44:04,16.23,card,POS-01
T000483,v_lon,2026-04-07 06:18:43,5.00,apple_pay,POS-05
T000086,v_sto,2026-04-15 14:29:17,22.18,apple_pay,POS-02
T001052,v_ber,2026-04-16 12:56:13,18.95,card,POS-03
T000938,v_ber,2026-04-16 20:56:51,52.93,card,POS-02
T001088,v_ber,2026-04-13 21:42:54,39.15,card,POS-03
T000245,v_sto,2026-04-14 20:20:18,201.20,card,POS-06
T002312,v_hel,2026-04-16 03:08:49,10.92,card,POS-02
T000177,v_sto,2026-04-15 03:32:23,12.99,swish,POS-02
T000174,v_sto,2026-04-17 02:41:21,40.46,apple_pay,POS-07
T000267,v_sto,2026-04-13 17:13:48,30.20,apple_pay,POS-02
T002302,v_hel,2026-04-15 23:32:58,79.59,apple_pay,POS-03
T000382,v_sto,2026-04-08 20:07:02,73.68,apple_pay,POS-06
T001627,v_mad,2026-04-16 21:47:16,49.20,card,POS-06
T000157,v_sto,2026-04-17 00:17:28,43.78,card,POS-01
T001576,v_mad,2026-04-15 01:46:41,49.82,card,POS-05
T002045,v_hel,2026-04-09 18:23:48,10.66,card,POS-07
T000925,v_ber,2026-04-11 10:01:22,61.11,card,POS-02
T000385,v_sto,2026-04-15 18:17:24,17.41,klarna,POS-01
T001285,v_ber,2026-04-14 12:03:41,5.00,card,POS-01
T002005,v_hel,2026-04-12 18:03:06,43.25,apple_pay,POS-08
T000995,v_ber,2026-04-11 13:46:39,27.48,apple_pay,POS-03
T000507,v_lon,2026-04-15 20:13:47,86.41,card,POS-04
T000302,v_sto,2026-04-11 12:04:10,26.20,card,POS-01
T001515,v_mad,2026-04-08 23:47:38,113.60,cash,POS-05
T001485,v_mad,2026-04-13 18:10:20,12.15,apple_pay,POS-07
T002365,v_ams,2026-04-16 20:21:27,15.86,cash,POS-07
T000522,v_lon,2026-04-14 18:41:20,37.41,apple_pay,POS-01
T002141,v_hel,2026-04-13 15:19:21,35.07,card,POS-01
T000578,v_lon,2026-04-15 17:34:11,36.67,apple_pay,POS-02
T001094,v_ber,2026-04-12 22:49:59,42.13,card,POS-03
T001553,v_mad,2026-04-11 18:20:27,50.36,cash,POS-04
T000808,v_lon,2026-04-13 01:33:40,88.15,apple_pay,POS-03
T002172,v_hel,2026-04-07 12:02:58,15.44,card,POS-08
T000703,v_lon,2026-04-09 21:34:18,21.94,card,POS-02
T001410,v_mad,2026-04-11 15:36:56,18.11,cash,POS-01
T001602,v_mad,2026-04-08 11:08:57,19.48,cash,POS-02
T001198,v_ber,2026-04-14 22:44:19,26.37,card,POS-03
T001644,v_mad,2026-04-09 22:11:57,18.89,apple_pay,POS-04
T000083,v_sto,2026-04-12 14:44:56,50.30,apple_pay,POS-03
T001227,v_ber,2026-04-09 23:22:58,43.83,card,POS-07
T002362,v_ams,2026-04-15 21:14:36,63.42,card,POS-02
T000319,v_sto,2026-04-09 19:33:11,32.93,card,POS-06
T000369,v_sto,2026-04-10 01:01:14,34.41,apple_pay,POS-02
T000132,v_sto,2026-04-12 03:30:01,17.66,cash,POS-03
T002298,v_hel,2026-04-12 21:06:49,13.12,cash,POS-01
T001036,v_ber,2026-04-14 14:50:19,14.30,apple_pay,POS-05
T000696,v_lon,2026-04-14 03:29:54,34.64,card,POS-06
T002354,v_hel,2026-04-08 19:53:54,24.74,apple_pay,POS-01
T001289,v_ber,2026-04-10 13:45:38,52.63,klarna,POS-08
T000961,v_ber,2026-04-08 20:09:11,21.73,card,POS-07
T001388,v_mad,2026-04-16 22:05:09,96.55,card,POS-07
T001616,v_mad,2026-04-11 19:13:35,61.53,card,POS-06
T000316,v_sto,2026-04-12 23:06:18,16.05,card,POS-04
T000903,v_ber,2026-04-08 20:39:11,26.14,card,POS-05
T000823,v_lon,2026-04-10 21:23:44,36.33,swish,POS-05
T001787,v_mad,2026-04-09 18:19:11,36.57,apple_pay,POS-07
T001100,v_ber,2026-04-14 07:09:47,81.49,apple_pay,POS-01
T000466,v_lon,2026-04-12 00:35:41,13.52,card,POS-05
T001110,v_ber,2026-04-10 16:44:38,18.46,apple_pay,POS-03
T001311,v_ber,2026-04-11 22:32:23,11.26,cash,POS-03
T000737,v_lon,2026-04-09 00:36:46,17.47,klarna,POS-08
T000792,v_lon,2026-04-11 20:48:36,81.54,apple_pay,POS-07
T000103,v_sto,2026-04-12 16:18:42,33.50,card,POS-04
T002166,v_hel,2026-04-10 22:27:01,16.86,card,POS-05
T002242,v_hel,2026-04-13 12:09:38,66.71,,POS-07
T000375,v_sto,2026-04-12 13:14:04,43.18,card,POS-01
T001766,v_mad,2026-04-13 13:49:18,8.24,klarna,POS-02
T001231,v_ber,2026-04-10 17:49:10,35.02,card,POS-02
T001705,v_mad,2026-04-16 21:40:55,16.36,cash,POS-06
T002142,v_hel,2026-04-09 02:31:42,19.03,card,POS-04
T001275,v_ber,2026-04-16 21:40:28,45.77,card,POS-01
T000217,v_sto,2026-04-11 18:32:41,8.88,apple_pay,POS-06
T001940,v_hel,2026-04-08 12:39:07,15.64,cash,POS-08
T000534,v_lon,2026-04-16 22:32:48,12.36,card,POS-04
T001690,v_mad,2026-04-09 05:34:58,35.52,cash,POS-05
T000658,v_lon,2026-04-09 13:02:49,16.56,klarna,POS-08
T001015,v_ber,2026-04-16 07:16:35,17.99,card,POS-03
T001416,v_mad,2026-04-13 19:52:47,10.75,apple_pay,POS-05
T001303,v_ber,2026-04-12 18:03:16,59.68,swish,POS-04
T002255,v_hel,2026-04-11 10:51:36,31.38,cash,POS-06
T000976,v_ber,2026-04-13 20:24:11,24.74,card,POS-07
T001960,v_hel,2026-04-16 03:30:51,32.32,apple_pay,POS-02
T001704,v_mad,2026-04-09 00:47:51,5.00,card,POS-08
T000209,v_sto,2026-04-09 21:05:51,123.40,card,POS-07
T002013,v_hel,2026-04-10 12:49:27,23.10,swish,POS-03
T001495,v_mad,2026-04-08 17:05:21,27.28,swish,POS-03
T002349,v_hel,2026-04-16 22:46:40,15.40,swish,POS-06
T001120,v_ber,2026-04-10 18:15:02,17.57,apple_pay,POS-02
T001809,v_mad,2026-04-16 19:51:49,39.66,apple_pay,POS-03
T001353,v_mad,2026-04-10 20:57:58,65.07,card,POS-08
T000531,v_lon,2026-04-16 09:52:49,9.76,card,POS-03
T002094,v_hel,2026-04-10 22:11:53,64.08,card,POS-07
T001877,v_hel,2026-04-10 18:23:10,24.56,card,POS-08
T000848,v_lon,2026-04-10 18:45:54,37.76,card,POS-01
T001480,v_mad,2026-04-17 02:11:49,18.22,cash,POS-07
T001800,v_mad,2026-04-12 17:53:55,18.39,cash,POS-07
T001668,v_mad,2026-04-10 20:02:36,53.38,card,POS-07
T000900,v_lon,2026-04-13 03:10:24,47.97,apple_pay,POS-06
T000120,v_sto,2026-04-15 17:50:11,96.76,card,POS-07
T000765,v_lon,2026-04-09 03:29:26,16.44,klarna,POS-03
T001805,v_mad,2026-04-15 22:38:42,44.66,card,POS-03
T000107,v_sto,2026-04-07 18:14:53,75.34,card,POS-05
T000600,v_lon,2026-04-16 22:10:04,32.11,apple_pay,POS-02
T000272,v_sto,2026-04-15 19:19:54,108.27,swish,POS-08
T001077,v_ber,2026-04-13 07:11:45,12.76,cash,POS-07
T001356,v_mad,2026-04-15 11:46:52,16.99,apple_pay,POS-08
T000335,v_sto,2026-04-16 20:45:18,21.24,klarna,POS-05
T000334,v_sto,2026-04-16 19:39:08,70.41,cash,POS-05
T001470,v_mad,2026-04-16 22:44:27,50.81,card,POS-08
T000931,v_ber,2026-04-09 03:28:26,64.40,card,POS-08
T000187,v_sto,2026-04-07 16:32:23,25.70,swish,POS-02
T000034,v_sto,2026-04-10 17:15:37,40.42,card,POS-03
T001579,v_mad,2026-04-08 18:31:13,16.11,swish,POS-01
T001879,v_hel,2026-04-13 22:55:44,17.52,card,POS-04
T001633,v_mad,2026-04-07 21:27:45,43.27,card,POS-06
T001519,v_mad,2026-04-09 10:00:47,26.22,apple_pay,POS-01
T001658,v_mad,2026-04-17 01:13:57,56.01,apple_pay,POS-01
T001191,v_ber,2026-04-16 20:08:51,21.98,cash,POS-07
T001638,v_mad,2026-04-13 21:51:26,22.87,apple_pay,POS-02
T001939,v_hel,2026-04-07 11:07:17,142.55,klarna,POS-05
T000140,v_sto,2026-04-07 12:08:34,20.87,cash,POS-08
T000939,v_ber,2026-04-11 03:24:46,31.65,card,POS-05
T000607,v_lon,2026-04-13 18:52:39,14.30,swish,POS-03
T001107,v_ber,2026-04-09 16:18:57,17.39,apple_pay,POS-03
T000261,v_sto,2026-04-17 01:22:44,18.68,apple_pay,POS-04
T000096,v_sto,2026-04-16 19:27:07,34.92,swish,POS-06
T000270,v_sto,2026-04-09 21:35:31,13.08,cash,POS-05
T001623,v_mad,2026-04-09 18:54:47,16.87,card,POS-04
T001948,v_hel,2026-04-08 17:52:10,16.71,cash,POS-05
T001880,v_hel,2026-04-12 06:15:32,19.51,cash,POS-01
T001468,v_mad,2026-04-12 20:55:57,10.80,card,POS-05
T000555,v_lon,2026-04-13 00:30:20,5.68,card,POS-07
T000444,v_sto,2026-04-13 16:24:00,25.70,card,POS-07
T000060,v_sto,2026-04-10 18:29:08,89.13,swish,POS-03
T000482,v_lon,2026-04-15 13:51:00,30.85,card,POS-02
T000350,v_sto,2026-04-08 11:49:44,52.94,cash,POS-03
T000999,v_ber,2026-04-10 20:12:42,27.29,card,POS-02
T001672,v_mad,2026-04-09 20:23:02,17.89,cash,POS-06
T000530,v_lon,2026-04-07 20:05:13,51.06,apple_pay,POS-07
T001577,v_mad,2026-04-15 08:48:02,109.81,card,POS-05
T001139,v_ber,2026-04-08 13:18:16,8.05,cash,POS-06
T001192,v_ber,2026-04-14 19:24:05,35.49,cash,POS-03
T001505,v_mad,2026-04-15 13:48:20,26.89,card,POS-06
T002330,v_hel,2026-04-13 17:38:49,32.79,card,POS-05
T001865,v_hel,2026-04-13 15:18:15,35.17,card,POS-03
T000355,v_sto,2026-04-15 21:44:25,10.17,cash,POS-01
T001851,v_hel,2026-04-14 17:02:42,103.27,cash,POS-07
T001929,v_hel,2026-04-15 19:07:17,52.30,apple_pay,POS-05
T000161,v_sto,2026-04-15 20:04:25,83.61,cash,POS-05
T002091,v_hel,2026-04-12 05:32:52,81.71,card,POS-02
T000432,v_sto,2026-04-12 22:38:18,22.87,card,POS-02
T000759,v_lon,2026-04-08 01:18:13,26.66,apple_pay,POS-02
T001315,v_ber,2026-04-07 22:09:35,,card,POS-08
T000570,v_lon,2026-04-15 07:22:20,45.02,apple_pay,POS-04
T000356,v_sto,2026-04-11 03:32:58,32.23,cash,POS-02
T000117,v_sto,2026-04-15 16:40:45,74.43,cash,POS-03
T001533,v_mad,2026-04-08 13:13:14,10.25,apple_pay,POS-08
T001841,v_hel,2026-04-14 03:13:04,36.26,card,POS-04
T002319,v_hel,2026-04-10 22:26:22,22.89,card,POS-01
T002111,v_hel,2026-04-15 09:52:12,96.41,swish,POS-07
T001667,v_mad,2026-04-16 14:09:28,33.87,swish,POS-04
T001538,v_mad,2026-04-11 18:47:12,22.25,card,POS-05
T000712,v_lon,2026-04-14 19:45:32,32.99,card,POS-04
T001250,v_ber,2026-04-07 16:40:04,16.47,klarna,POS-06
T001249,v_ber,2026-04-09 03:54:23,56.09,card,POS-05
T000980,v_ber,2026-04-16 22:36:11,14.82,cash,POS-03
T001590,v_mad,2026-04-16 20:12:40,27.80,card,POS-02
T000291,v_sto,2026-04-16 18:59:04,40.81,cash,POS-05
T000875,v_lon,2026-04-16 20:12:05,26.46,klarna,POS-07
T001753,v_mad,2026-04-10 20:23:29,60.07,card,POS-01
T000897,v_lon,2026-04-11 18:21:02,13.71,apple_pay,POS-07
T000022,v_sto,2026-04-12 17:28:07,21.71,card,POS-07
T001671,v_mad,2026-04-10 20:35:10,23.78,cash,POS-05
T001911,v_hel,2026-04-07 05:37:00,12.16,card,POS-01
T000748,v_lon,2026-04-07 05:57:19,45.96,cash,POS-06
T000935,v_ber,2026-04-09 16:48:02,51.30,swish,POS-02
T002339,v_hel,2026-04-15 17:17:20,15.70,swish,POS-02
T000877,v_lon,2026-04-14 06:03:25,42.77,card,POS-01
T001846,v_hel,2026-04-09 18:18:23,11.00,card,POS-03
T001373,v_mad,2026-04-14 01:56:18,15.88,apple_pay,POS-02
T000252,v_sto,2026-04-12 14:36:00,19.18,card,POS-03
T001418,v_mad,2026-04-13 09:54:19,54.39,apple_pay,POS-06
T001504,v_mad,2026-04-07 22:05:40,10.25,card,POS-05
T002280,v_hel,2026-04-14 00:26:31,36.54,cash,POS-04
T002271,v_hel,2026-04-16 12:00:10,38.62,card,POS-05
T000960,v_ber,2026-04-14 18:21:27,31.67,card,POS-02
T000837,v_lon,2026-04-07 07:56:45,14.77,card,POS-03
T000520,v_lon,2026-04-09 09:42:55,29.09,card,POS-04
T000405,v_sto,2026-04-15 13:19:15,13.49,cash,POS-01
T000450,v_lon,2026-04-15 22:03:42,27.80,card,POS-02
T000045,v_sto,2026-04-09 18:11:47,21.76,apple_pay,POS-07
T002146,v_hel,2026-04-16 21:40:14,37.45,cash,POS-01
T000021,v_sto,2026-04-11 22:27:13,66.39,card,POS-05
T001798,v_mad,2026-04-08 19:40:48,22.73,swish,POS-07
T000419,v_sto,2026-04-09 12:39:38,43.13,card,POS-01
T002099,v_hel,2026-04-10 08:18:15,103.37,card,POS-04
T000221,v_sto,2026-04-16 07:46:55,22.03,apple_pay,POS-08
T002031,v_hel,2026-04-12 02:43:34,15.46,card,POS-03
T001175,v_ber,2026-04-10 12:37:40,133.85,card,POS-02
T000822,v_lon,2026-04-10 23:57:48,162.18,card,POS-07
T000677,v_lon,2026-04-14 21:59:47,9.85,cash,POS-01
T000551,v_lon,2026-04-12 22:16:56,37.39,card,POS-01
T000067,v_sto,2026-04-13 22:51:38,76.30,card,POS-04
T002147,v_hel,2026-04-08 21:38:35,41.91,swish,POS-03
T000039,v_sto,2026-04-08 19:16:07,16.86,card,POS-01
T000958,v_ber,2026-04-15 08:32:57,82.94,card,POS-04
T000628,v_lon,2026-04-10 19:55:53,38.98,card,POS-02
T000547,v_lon,2026-04-07 14:00:10,15.12,card,POS-08
T000824,v_lon,2026-04-09 21:27:13,30.88,apple_pay,POS-01
T000815,v_lon,2026-04-16 20:11:45,11.98,card,POS-02
T000654,v_lon,2026-04-08 18:11:49,79.22,cash,POS-02
T002168,v_hel,2026-04-16 21:17:34,47.33,card,POS-05
T001837,v_hel,2026-04-12 20:29:15,24.89,apple_pay,POS-01
T000743,v_lon,2026-04-08 20:31:05,68.33,card,POS-01
T001386,v_mad,2026-04-12 22:06:46,21.87,card,POS-04
T001601,v_mad,2026-04-10 15:41:26,25.51,apple_pay,POS-05
T001730,v_mad,2026-04-08 15:39:20,11.17,cash,POS-08
T001149,v_ber,2026-04-12 17:47:00,26.85,card,POS-02
T000664,v_lon,2026-04-07 22:19:21,26.57,cash,POS-04
T000670,v_lon,2026-04-13 20:16:33,38.12,swish,POS-02
T000193,v_sto,2026-04-13 02:34:32,60.32,card,POS-08
T001502,v_mad,2026-04-16 13:30:59,33.33,card,POS-02
T000936,v_ber,2026-04-07 23:26:25,21.33,apple_pay,POS-08
T000636,v_lon,2026-04-11 13:47:10,23.39,swish,POS-07
T000240,v_sto,2026-04-11 14:43:34,50.24,card,POS-01
T001305,v_ber,2026-04-08 12:30:59,11.87,cash,POS-02
T002323,v_hel,2026-04-16 23:47:39,19.07,apple_pay,POS-07
T001238,v_ber,2026-04-15 15:54:30,69.02,apple_pay,POS-03
T000154,v_sto,2026-04-11 20:58:21,24.11,card,POS-06
T002325,v_hel,2026-04-10 20:29:11,121.83,card,POS-01
T001080,v_ber,2026-04-08 13:01:37,16.16,apple_pay,POS-05
T001908,v_hel,2026-04-08 06:37:51,11.65,apple_pay,POS-02
T000264,v_sto,2026-04-10 18:19:29,47.40,cash,POS-05
T001172,v_ber,2026-04-11 12:40:52,12.05,apple_pay,POS-08
T001795,v_mad,2026-04-09 12:55:30,46.85,card,POS-06
T001996,v_hel,2026-04-12 15:16:59,41.25,cash,POS-06
T002356,v_ams,2026-04-16 12:22:35,39.72,cash,POS-01
T000627,v_lon,2026-04-10 07:09:48,40.50,apple_pay,POS-02
T000206,v_sto,2026-04-14 22:08:33,23.76,card,POS-02
T002156,v_hel,2026-04-09 21:56:56,21.03,swish,POS-04
T001150,v_ber,2026-04-13 10:46:32,17.78,card,POS-08
T000577,v_lon,2026-04-10 02:22:55,22.11,swish,POS-06
T001286,v_ber,2026-04-10 17:17:33,39.22,card,POS-04
T000134,v_sto,2026-04-13 22:26:37,42.32,card,POS-06
T000115,v_sto,2026-04-15 00:26:55,37.37,card,POS-03
T001624,v_mad,2026-04-10 15:15:35,40.49,klarna,POS-02
T002067,v_hel,2026-04-11 19:00:12,16.20,klarna,POS-01
T001703,v_mad,2026-04-09 18:15:04,33.59,card,POS-08
T002210,v_hel,2026-04-13 17:18:32,23.97,card,POS-03
T000951,v_ber,2026-04-07 18:23:19,27.67,card,POS-08
T001234,v_ber,2026-04-12 03:29:27,21.34,card,POS-01
T000077,v_sto,2026-04-11 22:51:07,68.08,card,POS-08
T000442,v_sto,2026-04-07 19:08:12,23.65,card,POS-03
T002333,v_hel,2026-04-13 20:50:23,34.88,apple_pay,POS-08
T002275,v_hel,2026-04-07 18:03:00,67.69,cash,POS-01
T001086,v_ber,2026-04-12 21:32:26,16.75,klarna,POS-04
T000751,v_lon,2026-04-10 22:11:21,14.57,apple_pay,POS-08
T001200,v_ber,2026-04-10 01:43:56,24.80,card,POS-02
T001874,v_hel,2026-04-10 20:42:20,15.74,apple_pay,POS-07
T001270,v_ber,2026-04-12 17:49:20,29.77,card,POS-02
T000799,v_lon,2026-04-13 21:08:53,33.64,card,POS-07
T001019,v_ber,2026-04-08 03:02:34,19.17,card,POS-01
T000138,v_sto,2026-04-16 23:50:21,21.09,cash,POS-02
T000556,v_lon,2026-04-10 19:15:47,19.68,card,POS-08
T002187,v_hel,2026-04-12 21:21:34,90.05,apple_pay,POS-03
T001669,v_mad,2026-04-14 05:25:24,16.66,card,POS-03
T000781,v_lon,2026-04-08 22:43:52,31.72,cash,POS-04
T000752,v_lon,2026-04-09 22:10:28,14.36,card,POS-07
T001215,v_ber,2026-04-09 02:49:29,17.28,card,POS-05
T000839,v_lon,2026-04-14 19:32:03,23.17,swish,POS-08
T000197,v_sto,2026-04-09 18:45:49,5.40,klarna,POS-08
T002252,v_hel,2026-04-08 18:47:23,5.02,apple_pay,POS-02
T002256,v_hel,2026-04-10 21:22:08,35.15,card,POS-04
T000297,v_sto,2026-04-16 12:45:04,60.07,apple_pay,POS-08
T000347,v_sto,2026-04-11 06:41:43,12.03,card,POS-06
T002221,v_hel,2026-04-09 00:11:56,31.51,card,POS-04
T001589,v_mad,2026-04-13 19:11:00,45.77,card,POS-01
T001625,v_mad,2026-04-14 19:09:00,68.86,card,POS-08
T001341,v_ber,2026-04-11 18:21:26,19.49,apple_pay,POS-07
T001063,v_ber,2026-04-09 20:18:36,25.30,card,POS-02
T000775,v_lon,2026-04-11 22:34:36,158.67,card,POS-01
T002225,v_hel,2026-04-08 18:50:30,8.70,apple_pay,POS-03
T001477,v_mad,2026-04-14 05:30:35,63.17,swish,POS-05
T001070,v_ber,2026-04-14 20:44:03,43.59,card,POS-01
T000282,v_sto,2026-04-12 09:31:11,89.53,cash,POS-06
T000895,v_lon,2026-04-10 18:56:21,42.92,cash,POS-06
T002261,v_hel,2026-04-09 15:25:55,16.46,card,POS-08
T001763,v_mad,2026-04-07 21:35:44,29.47,apple_pay,POS-01
T000010,v_sto,2026-04-07 10:51:20,26.42,swish,POS-01
T001931,v_hel,2026-04-11 10:48:42,97.88,swish,POS-03
T001382,v_mad,2026-04-11 12:05:26,38.46,apple_pay,POS-05
T002278,v_hel,2026-04-11 18:14:41,18.02,klarna,POS-05
T000780,v_lon,2026-04-15 20:03:04,22.70,cash,POS-04
T001605,v_mad,2026-04-12 18:24:53,27.23,klarna,POS-03
T001460,v_mad,2026-04-11 19:47:48,45.42,card,POS-04
T002231,v_hel,2026-04-16 22:17:49,34.81,cash,POS-07
T001366,v_mad,2026-04-17 01:36:42,22.40,card,POS-03
T001891,v_hel,2026-04-14 02:15:30,44.92,cash,POS-03
T000836,v_lon,2026-04-07 23:24:28,20.99,card,POS-02
T000471,v_lon,2026-04-12 18:06:48,18.66,apple_pay,POS-07
T000559,v_lon,2026-04-09 23:25:14,42.34,cash,POS-01
T000437,v_sto,2026-04-12 19:53:42,52.11,card,POS-07
T001458,v_mad,2026-04-16 18:07:58,11.92,swish,POS-07
T000580,v_lon,2026-04-08 16:26:16,33.68,card,POS-06
T000113,v_sto,2026-04-12 21:24:42,82.29,card,POS-08
T000224,v_sto,2026-04-14 20:31:01,13.33,card,POS-05
T000916,v_ber,2026-04-14 19:18:36,57.49,card,POS-07
T000608,v_lon,2026-04-15 03:34:24,13.66,card,POS-08
T000263,v_sto,2026-04-15 04:07:11,79.55,card,POS-01
T001563,v_mad,2026-04-15 14:27:02,19.12,card,POS-07
T001247,v_ber,2026-04-10 21:49:16,39.06,swish,POS-08
T001773,v_mad,2026-04-16 13:44:48,36.81,apple_pay,POS-06
T001140,v_ber,2026-04-10 22:52:57,10.61,cash,POS-02
T001237,v_ber,2026-04-15 18:42:18,51.27,apple_pay,POS-07
T000176,v_sto,2026-04-09 18:19:35,14.74,apple_pay,POS-02
T000042,v_sto,2026-04-09 20:37:35,18.48,card,POS-04
T002214,v_hel,2026-04-15 22:36:37,24.17,cash,POS-06
T000153,v_sto,2026-04-15 23:38:59,55.67,card,POS-03
T000515,v_lon,2026-04-08 19:57:34,7.64,cash,POS-02
T002346,v_hel,2026-04-09 14:54:12,39.04,swish,POS-06
T001936,v_hel,2026-04-12 12:34:21,29.57,cash,POS-01
T001380,v_mad,2026-04-10 16:23:05,20.94,swish,POS-02
T001518,v_mad,2026-04-10 21:32:41,9.23,card,POS-07
T001691,v_mad,2026-04-14 20:44:54,37.78,card,POS-05
T001176,v_ber,2026-04-10 21:23:09,18.76,klarna,POS-03
T000790,v_lon,2026-04-10 18:42:20,5.00,cash,POS-07
T001425,v_mad,2026-04-11 17:21:53,16.17,cash,POS-02
T002125,v_hel,2026-04-08 17:01:26,20.65,card,POS-01
T001235,v_ber,2026-04-13 17:44:43,27.02,cash,POS-08
T001339,v_ber,2026-04-09 23:34:36,15.76,cash,POS-01
T001962,v_hel,2026-04-11 20:10:05,32.00,cash,POS-04
T000178,v_sto,2026-04-12 21:12:14,9.43,cash,POS-04
T001961,v_hel,2026-04-17 00:22:20,25.46,swish,POS-06
T000472,v_lon,2026-04-15 18:02:57,18.76,apple_pay,POS-01
T000710,v_lon,2026-04-09 03:55:29,118.25,card,POS-05
T000251,v_sto,2026-04-08 06:30:20,23.30,card,POS-03
T000529,v_lon,2026-04-16 02:09:03,31.03,swish,POS-05
T001825,v_hel,2026-04-12 05:38:53,44.04,apple_pay,POS-04
T002250,v_hel,2026-04-15 20:00:30,41.44,card,POS-02
T000425,v_sto,2026-04-10 13:32:25,36.12,card,POS-04
T000646,v_lon,2026-04-14 04:45:41,10.78,card,POS-03
T001021,v_ber,2026-04-15 18:49:19,20.09,swish,POS-05
T000409,v_sto,2026-04-12 05:16:28,28.42,card,POS-05
T002207,v_hel,2026-04-16 19:52:02,10.69,card,POS-02
T002140,v_hel,2026-04-08 19:44:54,29.08,swish,POS-04
T002184,v_hel,2026-04-17 01:00:03,47.07,card,POS-01
T000896,v_lon,2026-04-08 19:01:05,25.48,card,POS-01
T001954,v_hel,2026-04-13 22:45:47,48.13,card,POS-05
T000526,v_lon,2026-04-15 19:09:11,10.67,apple_pay,POS-02
T001721,v_mad,2026-04-11 01:10:19,21.58,cash,POS-07
T002051,v_hel,2026-04-14 23:44:41,26.89,card,POS-02
T001345,v_ber,2026-04-09 02:14:41,21.26,apple_pay,POS-01
T000196,v_sto,2026-04-15 14:11:53,56.11,apple_pay,POS-06
T000920,v_ber,2026-04-13 18:31:39,67.23,apple_pay,POS-04
T000599,v_lon,2026-04-14 06:34:22,20.14,klarna,POS-01
T000702,v_lon,2026-04-14 18:05:13,113.53,card,POS-03
T002154,v_hel,2026-04-08 23:46:53,33.84,swish,POS-02
T000071,v_sto,2026-04-12 21:17:48,76.55,apple_pay,POS-06
T001081,v_ber,2026-04-08 00:42:37,5.67,card,POS-02
T001680,v_mad,2026-04-10 22:12:55,107.42,card,POS-07
T001105,v_ber,2026-04-11 12:44:54,31.98,card,POS-08
T000928,v_ber,2026-04-09 22:38:42,76.03,card,POS-06
T001168,v_ber,2026-04-15 22:16:19,54.75,card,POS-07
T001847,v_hel,2026-04-14 01:22:52,,swish,POS-05
T001130,v_ber,2026-04-15 21:30:37,30.58,card,POS-07
T001059,v_ber,2026-04-16 02:15:51,66.91,cash,POS-04
T000994,v_ber,2026-04-16 22:50:53,12.67,cash,POS-04
T001002,v_ber,2026-04-14 20:51:47,23.40,apple_pay,POS-06
T002297,v_hel,2026-04-12 22:50:07,40.35,apple_pay,POS-04
T000497,v_lon,2026-04-07 14:12:20,41.40,card,POS-05
T001251,v_ber,2026-04-14 19:19:00,124.64,cash,POS-02
T000299,v_sto,2026-04-08 08:35:35,30.50,card,POS-02
T001055,v_ber,2026-04-15 18:14:01,116.14,card,POS-01
T000595,v_lon,2026-04-16 21:44:38,15.41,apple_pay,POS-06
T000907,v_ber,2026-04-14 22:52:16,19.73,apple_pay,POS-01
T001197,v_ber,2026-04-10 01:09:05,59.30,apple_pay,POS-02
T001073,v_ber,2026-04-13 18:33:58,15.70,apple_pay,POS-05
T001354,v_mad,2026-04-12 20:55:41,18.67,card,POS-08
T001223,v_ber,2026-04-09 20:36:02,19.39,card,POS-07
T001016,v_ber,2026-04-07 22:21:27,27.05,card,POS-05
T002363,v_ams,2026-04-08 13:50:30,13.46,cash,POS-03
T001696,v_mad,2026-04-08 13:01:39,67.20,card,POS-08
T001154,v_ber,2026-04-07 17:19:44,36.95,card,POS-07
T001429,v_mad,2026-04-08 08:55:07,11.47,card,POS-02
T001612,v_mad,2026-04-13 18:22:41,36.08,swish,POS-06
T001374,v_mad,2026-04-12 23:30:18,35.71,card,POS-08
T002149,v_hel,2026-04-09 21:11:13,49.63,cash,POS-04
T001188,v_ber,2026-04-07 19:49:41,18.23,card,POS-06
T001287,v_ber,2026-04-07 18:14:07,22.21,card,POS-06
T000321,v_sto,2026-04-16 21:37:27,19.09,card,POS-02
T000962,v_ber,2026-04-13 18:39:20,7.90,card,POS-03
T001228,v_ber,2026-04-16 09:39:09,45.47,card,POS-02
T002265,v_hel,2026-04-13 09:11:46,78.38,cash,POS-08
T000846,v_lon,2026-04-12 07:23:27,11.23,swish,POS-08
T001694,v_mad,2026-04-16 13:05:56,24.81,cash,POS-06
T002194,v_hel,2026-04-09 12:05:23,49.74,apple_pay,POS-02
T000660,v_lon,2026-04-14 12:07:57,17.22,cash,POS-03
T002167,v_hel,2026-04-15 02:21:06,25.49,swish,POS-04
T000662,v_lon,2026-04-10 11:29:26,25.18,card,POS-06
T000452,v_lon,2026-04-16 21:53:57,16.63,card,POS-08
T001433,v_mad,2026-04-09 08:00:20,26.65,card,POS-02
T001508,v_mad,2026-04-10 10:36:18,18.96,apple_pay,POS-06
T000735,v_lon,2026-04-11 23:11:28,16.60,cash,POS-06
T000033,v_sto,2026-04-16 22:10:03,11.82,cash,POS-05
T001909,v_hel,2026-04-08 22:59:36,79.90,swish,POS-03
T001520,v_mad,2026-04-08 22:41:34,47.49,apple_pay,POS-07
T000203,v_sto,2026-04-13 08:22:28,38.88,apple_pay,POS-01
T000844,v_lon,2026-04-13 14:30:37,12.96,cash,POS-08
T001316,v_ber,2026-04-09 13:46:59,38.70,card,POS-03
T000913,v_ber,2026-04-13 18:08:08,51.75,cash,POS-04
T001558,v_mad,2026-04-16 12:35:05,26.87,cash,POS-07
T000563,v_lon,2026-04-14 16:44:48,10.47,card,POS-01
T001467,v_mad,2026-04-14 09:20:23,37.54,swish,POS-03
T000451,v_lon,2026-04-09 05:19:26,53.32,card,POS-05
T000324,v_sto,2026-04-14 20:58:39,41.74,card,POS-05
T001808,v_mad,2026-04-12 21:17:16,42.80,card,POS-07
T001903,v_hel,2026-04-14 22:46:48,18.01,card,POS-06
T000764,v_lon,2026-04-10 20:12:21,7.01,card,POS-05
T002281,v_hel,2026-04-13 22:03:04,36.58,card,POS-07
T002308,v_hel,2026-04-09 04:31:22,48.59,klarna,POS-08
T001582,v_mad,2026-04-09 00:05:26,5.19,klarna,POS-08
T000155,v_sto,2026-04-14 02:40:01,10.56,card,POS-03
T000816,v_lon,2026-04-09 19:44:14,22.39,swish,POS-01
T001927,v_hel,2026-04-11 21:12:44,64.28,card,POS-06
T000904,v_ber,2026-04-12 23:41:43,32.92,card,POS-02
T001290,v_ber,2026-04-10 05:10:11,20.72,swish,POS-08
T001446,v_mad,2026-04-14 20:46:27,13.74,swish,POS-02
T001001,v_ber,2026-04-07 18:40:14,46.35,card,POS-01
T001666,v_mad,2026-04-08 11:11:05,152.90,card,POS-08
T000095,v_sto,2026-04-07 11:44:55,25.14,swish,POS-04
T000136,v_sto,2026-04-10 18:43:23,333.99,card,POS-01
T001355,v_mad,2026-04-12 22:31:17,70.61,card,POS-08
T001053,v_ber,2026-04-08 22:10:16,42.50,cash,POS-02
T000139,v_sto,2026-04-08 22:13:37,23.56,swish,POS-06
T001748,v_mad,2026-04-13 18:12:37,29.53,card,POS-07
T001424,v_mad,2026-04-16 22:46:53,33.30,apple_pay,POS-05
T001580,v_mad,2026-04-11 18:50:01,5.00,card,POS-08
T000825,v_lon,2026-04-12 03:33:08,29.76,card,POS-04
T001720,v_mad,2026-04-09 06:13:06,9.98,card,POS-08
T000365,v_sto,2026-04-10 17:20:17,74.80,card,POS-01
T001268,v_ber,2026-04-09 21:02:57,32.66,card,POS-04
T001844,v_hel,2026-04-11 15:01:57,16.73,card,POS-02
T001835,v_hel,2026-04-14 20:46:11,30.49,cash,POS-08
T001220,v_ber,2026-04-08 13:41:34,73.63,card,POS-06
T001643,v_mad,2026-04-10 21:11:34,17.90,klarna,POS-05
T002034,v_hel,2026-04-15 23:08:29,29.64,card,POS-04
T001783,v_mad,2026-04-10 18:00:43,26.24,card,POS-01
T002337,v_hel,2026-04-07 21:14:42,45.63,swish,POS-03
T001267,v_ber,2026-04-07 14:50:54,32.87,card,POS-08
T001255,v_ber,2026-04-10 23:45:35,42.25,apple_pay,POS-05
T001621,v_mad,2026-04-11 22:11:25,34.99,card,POS-02
T001902,v_hel,2026-04-14 03:38:33,32.61,card,POS-05
T001724,v_mad,2026-04-09 13:43:39,27.22,card,POS-06
T000575,v_lon,2026-04-13 18:06:16,35.03,swish,POS-08
T000005,v_sto,2026-04-13 03:38:16,117.43,cash,POS-03
T000205,v_sto,2026-04-10 20:23:24,14.08,card,POS-07
T000029,v_sto,2026-04-07 22:53:00,49.57,card,POS-01
T001966,v_hel,2026-04-08 14:17:33,15.27,card,POS-03
T001164,v_ber,2026-04-14 01:33:59,17.29,swish,POS-03
T001869,v_hel,2026-04-16 03:39:00,48.38,card,POS-06
T001159,v_ber,2026-04-15 19:41:17,17.05,klarna,POS-05
T001116,v_ber,2026-04-16 18:35:28,45.27,card,POS-07
T001549,v_mad,2026-04-14 21:49:46,23.74,card,POS-07
T001992,v_hel,2026-04-16 19:56:03,8.31,apple_pay,POS-03
T001430,v_mad,2026-04-15 22:26:25,56.13,card,POS-08
T000097,v_sto,2026-04-10 00:50:19,57.43,swish,POS-03
T001442,v_mad,2026-04-11 18:15:35,17.02,apple_pay,POS-05
T000284,v_sto,2026-04-10 02:29:23,32.04,card,POS-01
T000496,v_lon,2026-04-12 02:52:49,14.01,card,POS-08
T000650,v_lon,2026-04-12 17:36:38,33.86,apple_pay,POS-07
T000188,v_sto,2026-04-12 19:02:18,77.58,apple_pay,POS-07
T000593,v_lon,2026-04-10 12:55:42,20.47,cash,POS-05
T000511,v_lon,2026-04-11 19:20:31,25.71,card,POS-03
T000956,v_ber,2026-04-14 18:55:10,53.65,apple_pay,POS-01
T000745,v_lon,2026-04-14 21:01:02,22.42,apple_pay,POS-08
T001372,v_mad,2026-04-10 12:32:28,13.12,apple_pay,POS-07
T002100,v_hel,2026-04-11 21:39:45,41.72,card,POS-04
T000127,v_sto,2026-04-15 01:46:08,14.92,apple_pay,POS-03
T000772,v_lon,2026-04-07 20:10:45,26.77,cash,POS-08
T002332,v_hel,2026-04-07 22:58:19,31.61,card,POS-02
T001347,v_mad,2026-04-07 18:24:49,25.35,apple_pay,POS-04
T001566,v_mad,2026-04-14 19:41:21,19.96,apple_pay,POS-06
T000376,v_sto,2026-04-14 21:07:34,14.30,card,POS-04
T000473,v_lon,2026-04-13 03:12:07,70.26,card,POS-07
T000832,v_lon,2026-04-14 19:01:06,161.43,card,POS-08
T001265,v_ber,2026-04-13 13:12:12,10.30,card,POS-07
T000852,v_lon,2026-04-14 14:34:51,54.40,card,POS-03
T000972,v_ber,2026-04-12 21:17:15,39.98,card,POS-06
T001444,v_mad,2026-04-09 20:45:09,75.93,card,POS-03
T001722,v_mad,2026-04-14 15:31:42,13.91,card,POS-04
T002232,v_hel,2026-04-12 19:27:26,32.57,card,POS-07
T001947,v_hel,2026-04-15 08:06:05,44.88,card,POS-08
T002191,v_hel,2026-04-16 12:00:44,74.00,klarna,POS-01
T002173,v_hel,2026-04-12 18:58:10,54.46,card,POS-07
T001390,v_mad,2026-04-10 13:03:36,31.37,cash,POS-01
T001886,v_hel,2026-04-07 22:16:25,16.46,card,POS-05
T000116,v_sto,2026-04-11 14:25:41,14.16,cash,POS-07
T001595,v_mad,2026-04-08 23:25:52,46.30,cash,POS-04
T001794,v_mad,2026-04-14 00:32:50,16.48,card,POS-03
T000541,v_lon,2026-04-14 11:36:22,51.85,card,POS-01
T000760,v_lon,2026-04-15 02:03:59,31.64,card,POS-06
T000328,v_sto,2026-04-14 08:35:32,40.95,card,POS-06
T000948,v_ber,2026-04-13 23:46:26,47.26,card,POS-04
T001982,v_hel,2026-04-11 12:29:39,37.94,apple_pay,POS-05
T002010,v_hel,2026-04-14 03:09:34,67.39,cash,POS-01
T001747,v_mad,2026-04-15 13:48:40,56.22,cash,POS-06
T000676,v_lon,2026-04-07 21:09:40,21.12,klarna,POS-01
T000304,v_sto,2026-04-09 13:21:53,62.67,card,POS-03
T000884,v_lon,2026-04-16 10:35:03,28.42,cash,POS-08
T001944,v_hel,2026-04-08 23:42:17,17.92,card,POS-04
T002144,v_hel,2026-04-10 18:20:50,17.68,cash,POS-07
T002320,v_hel,2026-04-09 16:56:53,15.63,card,POS-02
T000149,v_sto,2026-04-15 00:05:27,69.76,cash,POS-06
T001663,v_mad,2026-04-08 18:10:57,31.64,apple_pay,POS-08
T001860,v_hel,2026-04-14 02:19:51,17.40,apple_pay,POS-07
T002321,v_hel,2026-04-10 19:58:53,33.05,cash,POS-05
T002179,v_hel,2026-04-16 17:35:28,18.96,cash,POS-01
T001896,v_hel,2026-04-10 20:46:01,110.05,swish,POS-06
T001653,v_mad,2026-04-07 20:35:30,36.27,swish,POS-04
T001762,v_mad,2026-04-14 07:01:42,16.85,card,POS-06
T000998,v_ber,2026-04-10 22:54:03,26.71,card,POS-07
T002342,v_hel,2026-04-09 11:29:28,13.82,apple_pay,POS-08
T000827,v_lon,2026-04-14 11:18:54,16.40,klarna,POS-01
T000301,v_sto,2026-04-15 19:36:33,15.81,card,POS-08
T001260,v_ber,2026-04-09 22:16:37,22.82,klarna,POS-08
T000614,v_lon,2026-04-12 00:13:54,11.34,swish,POS-08
T000368,v_sto,2026-04-16 11:37:31,55.53,apple_pay,POS-06
T000557,v_lon,2026-04-10 20:09:49,56.18,cash,POS-06
T000394,v_sto,2026-04-16 19:49:07,72.54,swish,POS-05
T002033,v_hel,2026-04-13 03:29:00,24.94,card,POS-03
T000292,v_sto,2026-04-07 07:01:13,45.74,apple_pay,POS-07
T000062,v_sto,2026-04-15 15:47:55,28.79,card,POS-02
T000649,v_lon,2026-04-12 19:27:25,69.91,apple_pay,POS-01
T001781,v_mad,2026-04-14 18:30:16,31.77,apple_pay,POS-04
T000692,v_lon,2026-04-14 20:21:52,6.69,apple_pay,POS-05
T001039,v_ber,2026-04-11 18:44:46,42.20,card,POS-03
